customer_id,revenue
1,402.11
2,213.09
3,467.64
4,1122.18
5,193.61
6,193.61
7,1187.03
8,527.12
9,153.01
10,420.97
11,153.94
12,153.59
13,311.68
14,36.12
15,43.6
16,139.45
17,88.87
18,335.04
19,98.69
20,59.6
21,1059.6
22,195.24
23,261.79
24,58.87
25,141.97
26,273.4
27,77.4
28,356.27
29,134.2
30,182.78
31,134.06
32,1559.75
33,241.41
34,84.97
35,556.99
36,72.18
37,301.53
38,34.48
39,64.83
40,297.93
41,512.07
42,290.43
43,217.97
44,181.07
45,55.78
46,119.12
47,154.37
48,704.24
49,345.03
50,41.97
51,338.35
52,166.49
53,124.35
54,451.09
55,686.08
56,620.97
57,105.72
58,179.61
59,340.79
60,649.07
61,151.54
62,203.23
63,80.94
64,73.98
65,551.44
66,949.79
67,227.69
68,667.5
69,351.3
70,128.37
71,351.21
72,1139.15
73,236.08
74,1169.87
75,17.82
76,556.63
77,266.95
78,181.45
79,268.21
80,33.53
81,196.43
82,349.71
83,1072.66
84,145.73
85,109.02
86,148.15
87,611.19
88,339.93
89,144.06
90,408.82
91,269.64
92,644.61
93,121.26
94,176.33
95,165.32
96,56.63
97,329.02
98,317.68
99,245.95
100,193.53
101,59.42
102,160.67
103,173.69
104,109.7
105,208.24
106,366.52
107,1613.54
108,291.37
109,316.57
110,227.14
111,35.92
112,238.29
113,259.88
114,2873.37
115,201.87
116,330.81
117,236.34
118,76.04
119,767.26
120,519.02
121,539.71
122,98.55
123,995.05
124,60.23
125,440.04
126,2187.37
127,90.87
128,138.89
129,270.33
130,147.9
131,51.9
132,262.06
133,84.58
134,392.91
135,97.57
136,1152.78
137,111.8
138,177.32
139,551.98
140,71.46
141,307.19
142,904.28
143,49.03
144,294.31
145,317.31
146,534.76
147,71.03
148,65.34
149,412.38
150,329.31
151,314.35
152,346.0
153,123.96
154,308.66
155,328.02
156,119.78
157,1580.94
158,393.01
159,74.34
160,471.8
161,92.33
162,537.58
163,779.46
164,107.7
165,641.22
166,369.73
167,556.72
168,1630.75
169,191.45
170,115.15
171,100.53
172,108.22
173,226.53
174,344.18
175,322.69
176,559.58
177,247.89
178,1046.84
179,187.79
180,3715.13
181,457.45
182,103.84
183,83.86
184,396.42
185,195.69
186,499.7
187,392.78
188,227.5
189,104.92
190,53.79
191,156.57
192,576.17
193,303.11
194,70.4
195,290.96
196,359.72
197,101.1
198,285.35
199,259.36
200,78.03
201,349.95
202,428.71
203,722.74
204,701.91
205,61.7
206,95.79
207,409.54
208,409.03
209,409.55
210,11530.28
211,433.07
212,761.71
213,635.24
214,469.37
215,178.53
216,522.68
217,112.98
218,193.09
219,150.6
220,265.57
221,2476.64
222,37.82
223,486.03
224,48.78
225,152.64
226,727.02
227,260.94
228,83.28
229,119.67
230,482.8
231,117.88
232,303.83
233,256.1
234,127.54
235,2087.96
236,461.24
237,32.29
238,294.85
239,126.24
240,573.89
241,110.77
242,218.17
243,405.45
244,581.58
245,73.68
246,175.12
247,152.18
248,127.32
249,1430.04
250,366.86
251,69.35
252,612.69
253,2042.96
254,687.09
255,53.55
256,150.77
257,868.62
258,120.58
259,381.39
260,530.93
261,96.84
262,230.55
263,9.57
264,87.85
265,190.08
266,70.26
267,1251.89
268,58.55
269,157.58
270,278.87
271,1034.09
272,58.21
273,783.02
274,247.21
275,91.7
276,388.43
277,298.59
278,134.26
279,262.38
280,166.45
281,274.11
282,474.44
283,1195.14
284,70.96
285,2065.31
286,34.74
287,210.23
288,440.68
289,324.08
290,131.28
291,198.72
292,149.46
293,135.73
294,572.26
295,349.68
296,122.38
297,601.6
298,332.72
299,551.62
300,459.27
301,106.81
302,139.74
303,516.61
304,450.51
305,239.63
306,275.15
307,878.02
308,135.43
309,422.88
310,199.9
311,196.83
312,734.2
313,558.59
314,551.98
315,902.78
316,249.89
317,483.94
318,179.42
319,338.38
320,214.83
321,269.62
322,443.7
323,107.96
324,1983.04
325,89.48
326,72.66
327,779.08
328,540.05
329,456.74
330,458.68
331,241.71
332,99.76
333,263.96
334,124.32
335,648.8
336,211.23
337,107.18
338,177.44
339,369.79
340,139.25
341,107.53
342,312.21
343,312.61
344,147.39
345,152.77
346,308.6
347,57.51
348,59.89
349,119.29
350,197.66
351,333.92
352,1069.94
353,576.89
354,208.53
355,240.08
356,89.79
357,240.2
358,183.34
359,337.89
360,106.99
361,411.31
362,1133.13
363,219.48
364,365.66
365,487.92
366,163.82
367,306.16
368,247.79
369,269.8
370,112.96
371,250.76
372,402.62
373,1044.34
374,638.6
375,2107.34
376,113.6
377,585.41
378,293.93
379,2185.94
380,109.04
381,105.67
382,134.37
383,29.26
384,144.64
385,114.53
386,284.4
387,344.38
388,1597.46
389,632.97
390,137.43
391,99.64
392,400.18
393,65.35
394,1527.61
395,795.87
396,153.06
397,44.12
398,947.54
399,218.21
400,843.72
401,49.68
402,134.37
403,245.98
404,256.46
405,156.01
406,456.16
407,84.13
408,212.22
409,275.97
410,409.3
411,498.51
412,79.47
413,52.77
414,878.03
415,341.15
416,115.76
417,1154.19
418,274.7
419,795.76
420,261.78
421,1921.28
422,1415.65
423,190.76
424,646.5
425,466.56
426,961.63
427,93.23
428,485.92
429,705.16
430,42.15
431,74.94
432,31.84
433,186.9
434,501.47
435,1099.22
436,263.51
437,1247.15
438,61.55
439,44.55
440,231.47
441,359.27
442,236.82
443,30.96
444,223.83
445,66.39
446,478.03
447,353.05
448,95.59
449,146.37
450,84.84
451,229.83
452,635.96
453,91.31
454,405.06
455,143.99
456,110.73
457,219.86
458,86.9
459,140.66
460,73.86
461,1745.38
462,253.47
463,121.54
464,303.07
465,218.69
466,196.18
467,452.22
468,521.92
469,143.95
470,137.58
471,185.85
472,24.49
473,53.78
474,959.94
475,1267.71
476,190.75
477,435.53
478,334.04
479,5318.15
480,749.63
481,215.31
482,94.11
483,49.09
484,299.9
485,114.85
486,59.01
487,128.18
488,82.97
489,1322.32
490,590.9
491,242.75
492,1074.86
493,264.37
494,103.41
495,1122.29
496,419.44
497,86.73
498,202.28
499,101.94
500,61.39
501,617.81
502,1651.46
503,60.43
504,429.65
505,127.66
506,150.34
507,135.32
508,103.13
509,256.86
510,106.6
511,320.68
512,232.7
513,192.68
514,98.73
515,137.45
516,520.81
517,403.8
518,92.06
519,270.25
520,518.73
521,46.09
522,421.31
523,126.14
524,432.94
525,114.06
526,40.25
527,48.06
528,256.75
529,317.26
530,99.06
531,463.4
532,46.45
533,229.05
534,72.89
535,127.51
536,256.57
537,103.5
538,166.57
539,669.34
540,137.43
541,564.36
542,79.07
543,415.63
544,1034.39
545,20.66
546,110.29
547,435.75
548,199.73
549,354.66
550,133.76
551,266.82
552,209.42
553,786.65
554,315.58
555,342.96
556,162.09
557,150.26
558,158.77
559,363.02
560,160.62
561,326.94
562,1949.64
563,584.72
564,176.62
565,813.39
566,162.7
567,31.88
568,89.29
569,37.68
570,172.17
571,249.24
572,1308.24
573,339.31
574,196.55
575,560.82
576,26.81
577,309.7
578,528.93
579,55.78
580,767.97
581,343.26
582,161.53
583,460.72
584,2370.11
585,293.5
586,313.63
587,154.57
588,104.6
589,561.35
590,103.95
591,262.85
592,151.77
593,395.04
594,341.61
595,690.59
596,146.93
597,186.82
598,91.95
599,156.92
600,356.84
601,521.65
602,97.3
603,583.83
604,949.22
605,369.97
606,1598.46
607,112.87
608,70.48
609,41.32
610,1092.3
611,470.77
612,231.46
613,323.75
614,79.4
615,2823.55
616,278.45
617,272.98
618,505.61
619,395.84
620,306.09
621,111.0
622,392.08
623,1606.84
624,939.57
625,1203.74
626,146.76
627,90.96
628,215.77
629,258.71
630,730.84
631,45.04
632,1129.52
633,208.93
634,159.67
635,88.93
636,46.77
637,557.34
638,263.31
639,67.36
640,67.02
641,174.9
642,1298.57
643,188.75
644,54.43
645,191.38
646,186.28
647,16.5
648,231.76
649,194.23
650,490.88
651,1554.57
652,754.88
653,187.0
654,80.92
655,3207.86
656,259.62
657,248.12
658,238.86
659,298.3
660,211.8
661,137.87
662,141.62
663,236.81
664,142.11
665,119.96
666,272.17
667,189.62
668,1101.02
669,17.27
670,728.88
671,850.72
672,30.77
673,173.7
674,168.77
675,59.89
676,112.41
677,80.59
678,1411.31
679,623.71
680,872.67
681,503.54
682,79.12
683,144.82
684,399.16
685,72.09
686,499.2
687,192.42
688,168.2
689,498.18
690,381.56
691,170.55
692,780.03
693,83.01
694,453.02
695,442.79
696,179.55
697,339.05
698,70.03
699,616.48
700,203.38
701,145.08
702,698.55
703,120.98
704,59.83
705,51.59
706,448.55
707,68.0
708,1414.87
709,30.51
710,1334.69
711,302.18
712,222.14
713,141.89
714,364.72
715,235.65
716,737.53
717,274.3
718,284.38
719,170.1
720,231.15
721,332.89
722,44.25
723,63.55
724,514.54
725,290.29
726,203.57
727,249.24
728,346.4
729,142.63
730,112.36
731,297.63
732,91.99
733,368.06
734,44.59
735,684.82
736,392.52
737,316.09
738,653.73
739,1293.98
740,674.77
741,38.83
742,68.06
743,131.0
744,251.16
745,410.62
746,118.42
747,294.94
748,114.96
749,132.75
750,59.94
751,97.2
752,63.33
753,92.22
754,701.8
755,94.69
756,3402.9
757,400.74
758,294.37
759,103.71
760,492.9
761,137.6
762,276.44
763,3165.56
764,222.28
765,772.22
766,121.13
767,236.28
768,1437.7
769,130.72
770,1498.84
771,496.58
772,139.43
773,460.54
774,647.13
775,455.69
776,50.9
777,118.26
778,191.04
779,227.14
780,455.17
781,292.28
782,64.37
783,357.88
784,450.6
785,428.29
786,721.1
787,563.36
788,387.29
789,228.11
790,46.48
791,376.01
792,301.17
793,321.04
794,68.26
795,83.01
796,701.45
797,235.2
798,483.72
799,251.72
800,252.08
801,625.33
802,146.05
803,269.38
804,154.12
805,158.46
806,179.62
807,305.56
808,151.6
809,858.99
810,100.02
811,202.98
812,157.63
813,1040.0
814,297.84
815,686.66
816,55.39
817,319.59
818,595.64
819,265.68
820,710.15
821,145.87
822,1001.59
823,2437.91
824,170.23
825,156.73
826,1046.69
827,1187.46
828,145.06
829,160.74
830,184.6
831,63.79
832,97.65
833,89.65
834,113.55
835,236.35
836,309.27
837,1153.44
838,90.17
839,654.8
840,197.55
841,232.88
842,480.5
843,79.62
844,358.67
845,289.01
846,400.39
847,326.74
848,2850.64
849,129.32
850,143.88
851,131.22
852,140.4
853,129.36
854,803.53
855,1012.83
856,138.28
857,106.45
858,392.06
859,140.86
860,460.79
861,299.74
862,53.75
863,1149.99
864,1474.21
865,132.58
866,166.05
867,325.66
868,341.88
869,472.74
870,1826.59
871,205.01
872,110.13
873,61.6
874,117.81
875,236.72
876,1472.27
877,145.82
878,306.06
879,240.71
880,803.03
881,3062.33
882,143.9
883,149.99
884,695.17
885,483.91
886,1551.08
887,438.75
888,170.84
889,441.71
890,741.52
891,555.84
892,406.37
893,711.0
894,787.84
895,974.73
896,468.11
897,207.03
898,283.36
899,817.71
900,108.1
901,353.78
902,165.12
903,251.83
904,878.71
905,296.22
906,256.32
907,62.81
908,516.08
909,466.61
910,2128.67
911,179.87
912,304.65
913,314.0
914,1184.95
915,222.45
916,323.44
917,449.39
918,294.89
919,156.58
920,297.11
921,715.97
922,87.66
923,279.49
924,121.5
925,808.39
926,53.35
927,139.92
928,356.81
929,1170.9
930,229.12
931,140.44
932,1605.45
933,57.51
934,27.15
935,379.94
936,148.11
937,88.13
938,496.88
939,312.25
940,139.2
941,68.01
942,585.49
943,468.81
944,221.59
945,1550.97
946,83.92
947,53.22
948,122.5
949,233.79
950,312.1
951,192.24
952,347.95
953,70.0
954,1036.67
955,225.39
956,747.92
957,344.72
958,386.35
959,432.58
960,382.87
961,465.32
962,924.41
963,297.83
964,497.21
965,223.69
966,1032.89
967,124.41
968,1481.69
969,235.06
970,58.51
971,278.13
972,123.83
973,567.16
974,127.41
975,156.62
976,36.98
977,155.66
978,21.67
979,50.2
980,523.44
981,536.89
982,374.45
983,93.04
984,233.29
985,243.81
986,76.83
987,1100.37
988,588.37
989,196.18
990,251.36
991,301.38
992,31.76
993,191.1
994,123.72
995,89.87
996,184.73
997,1476.88
998,464.44
999,138.22
1000,433.8
