customer_id,customer_type,signup_date
1,SMB,2024-01-01
2,Startup,2024-01-02
3,Startup,2024-01-03
4,SMB,2024-01-04
5,Enterprise,2024-01-05
6,Enterprise,2024-01-06
7,Enterprise,2024-01-07
8,Startup,2024-01-08
9,SMB,2024-01-09
10,Startup,2024-01-10
11,Enterprise,2024-01-11
12,Startup,2024-01-12
13,Startup,2024-01-13
14,SMB,2024-01-14
15,Enterprise,2024-01-15
16,Enterprise,2024-01-16
17,SMB,2024-01-17
18,SMB,2024-01-18
19,SMB,2024-01-19
20,SMB,2024-01-20
21,SMB,2024-01-21
22,Enterprise,2024-01-22
23,SMB,2024-01-23
24,SMB,2024-01-24
25,SMB,2024-01-25
26,Startup,2024-01-26
27,Enterprise,2024-01-27
28,SMB,2024-01-28
29,SMB,2024-01-29
30,Enterprise,2024-01-30
31,SMB,2024-01-31
32,Enterprise,2024-02-01
33,Enterprise,2024-02-02
34,Startup,2024-02-03
35,Startup,2024-02-04
36,Startup,2024-02-05
37,SMB,2024-02-06
38,Enterprise,2024-02-07
39,SMB,2024-02-08
40,SMB,2024-02-09
41,Enterprise,2024-02-10
42,SMB,2024-02-11
43,Enterprise,2024-02-12
44,Startup,2024-02-13
45,SMB,2024-02-14
46,SMB,2024-02-15
47,SMB,2024-02-16
48,SMB,2024-02-17
49,SMB,2024-02-18
50,Enterprise,2024-02-19
51,Startup,2024-02-20
52,Startup,2024-02-21
53,Startup,2024-02-22
54,Startup,2024-02-23
55,SMB,2024-02-24
56,Startup,2024-02-25
57,Enterprise,2024-02-26
58,Enterprise,2024-02-27
59,Enterprise,2024-02-28
60,SMB,2024-02-29
61,SMB,2024-03-01
62,SMB,2024-03-02
63,Startup,2024-03-03
64,SMB,2024-03-04
65,SMB,2024-03-05
66,SMB,2024-03-06
67,Enterprise,2024-03-07
68,Startup,2024-03-08
69,Enterprise,2024-03-09
70,Startup,2024-03-10
71,Startup,2024-03-11
72,Enterprise,2024-03-12
73,Enterprise,2024-03-13
74,Startup,2024-03-14
75,Startup,2024-03-15
76,Startup,2024-03-16
77,Startup,2024-03-17
78,Enterprise,2024-03-18
79,SMB,2024-03-19
80,Enterprise,2024-03-20
81,Startup,2024-03-21
82,SMB,2024-03-22
83,SMB,2024-03-23
84,Enterprise,2024-03-24
85,SMB,2024-03-25
86,SMB,2024-03-26
87,Startup,2024-03-27
88,SMB,2024-03-28
89,Startup,2024-03-29
90,SMB,2024-03-30
91,Enterprise,2024-03-31
92,Startup,2024-04-01
93,Startup,2024-04-02
94,SMB,2024-04-03
95,Startup,2024-04-04
96,SMB,2024-04-05
97,SMB,2024-04-06
98,SMB,2024-04-07
99,Enterprise,2024-04-08
100,Enterprise,2024-04-09
101,Enterprise,2024-04-10
102,SMB,2024-04-11
103,SMB,2024-04-12
104,SMB,2024-04-13
105,Startup,2024-04-14
106,SMB,2024-04-15
107,SMB,2024-04-16
108,Startup,2024-04-17
109,SMB,2024-04-18
110,Enterprise,2024-04-19
111,SMB,2024-04-20
112,Enterprise,2024-04-21
113,Startup,2024-04-22
114,Startup,2024-04-23
115,SMB,2024-04-24
116,Startup,2024-04-25
117,Startup,2024-04-26
118,Enterprise,2024-04-27
119,Startup,2024-04-28
120,SMB,2024-04-29
121,Startup,2024-04-30
122,Startup,2024-05-01
123,SMB,2024-05-02
124,Enterprise,2024-05-03
125,SMB,2024-05-04
126,SMB,2024-05-05
127,Startup,2024-05-06
128,Startup,2024-05-07
129,Enterprise,2024-05-08
130,SMB,2024-05-09
131,SMB,2024-05-10
132,SMB,2024-05-11
133,Enterprise,2024-05-12
134,SMB,2024-05-13
135,Startup,2024-05-14
136,SMB,2024-05-15
137,SMB,2024-05-16
138,Startup,2024-05-17
139,SMB,2024-05-18
140,Startup,2024-05-19
141,Startup,2024-05-20
142,SMB,2024-05-21
143,SMB,2024-05-22
144,SMB,2024-05-23
145,SMB,2024-05-24
146,Enterprise,2024-05-25
147,SMB,2024-05-26
148,SMB,2024-05-27
149,Enterprise,2024-05-28
150,SMB,2024-05-29
151,Startup,2024-05-30
152,SMB,2024-05-31
153,Enterprise,2024-06-01
154,SMB,2024-06-02
155,Startup,2024-06-03
156,SMB,2024-06-04
157,SMB,2024-06-05
158,Startup,2024-06-06
159,SMB,2024-06-07
160,Startup,2024-06-08
161,SMB,2024-06-09
162,SMB,2024-06-10
163,SMB,2024-06-11
164,SMB,2024-06-12
165,Enterprise,2024-06-13
166,Startup,2024-06-14
167,SMB,2024-06-15
168,Enterprise,2024-06-16
169,Enterprise,2024-06-17
170,SMB,2024-06-18
171,SMB,2024-06-19
172,Enterprise,2024-06-20
173,SMB,2024-06-21
174,SMB,2024-06-22
175,SMB,2024-06-23
176,Enterprise,2024-06-24
177,SMB,2024-06-25
178,SMB,2024-06-26
179,Startup,2024-06-27
180,Enterprise,2024-06-28
181,SMB,2024-06-29
182,Enterprise,2024-06-30
183,Startup,2024-07-01
184,Startup,2024-07-02
185,SMB,2024-07-03
186,SMB,2024-07-04
187,Startup,2024-07-05
188,SMB,2024-07-06
189,SMB,2024-07-07
190,SMB,2024-07-08
191,Enterprise,2024-07-09
192,Startup,2024-07-10
193,Startup,2024-07-11
194,SMB,2024-07-12
195,SMB,2024-07-13
196,SMB,2024-07-14
197,Startup,2024-07-15
198,Startup,2024-07-16
199,Startup,2024-07-17
200,Startup,2024-07-18
201,SMB,2024-07-19
202,Enterprise,2024-07-20
203,Enterprise,2024-07-21
204,Startup,2024-07-22
205,SMB,2024-07-23
206,Enterprise,2024-07-24
207,Enterprise,2024-07-25
208,SMB,2024-07-26
209,Enterprise,2024-07-27
210,Enterprise,2024-07-28
211,SMB,2024-07-29
212,SMB,2024-07-30
213,SMB,2024-07-31
214,SMB,2024-08-01
215,Startup,2024-08-02
216,SMB,2024-08-03
217,SMB,2024-08-04
218,Startup,2024-08-05
219,SMB,2024-08-06
220,Startup,2024-08-07
221,SMB,2024-08-08
222,SMB,2024-08-09
223,Enterprise,2024-08-10
224,SMB,2024-08-11
225,SMB,2024-08-12
226,SMB,2024-08-13
227,Startup,2024-08-14
228,SMB,2024-08-15
229,Startup,2024-08-16
230,SMB,2024-08-17
231,Startup,2024-08-18
232,SMB,2024-08-19
233,SMB,2024-08-20
234,SMB,2024-08-21
235,Enterprise,2024-08-22
236,Startup,2024-08-23
237,SMB,2024-08-24
238,Enterprise,2024-08-25
239,SMB,2024-08-26
240,Enterprise,2024-08-27
241,Startup,2024-08-28
242,Startup,2024-08-29
243,Startup,2024-08-30
244,SMB,2024-08-31
245,Enterprise,2024-09-01
246,Startup,2024-09-02
247,SMB,2024-09-03
248,Startup,2024-09-04
249,Startup,2024-09-05
250,Startup,2024-09-06
251,SMB,2024-09-07
252,SMB,2024-09-08
253,Startup,2024-09-09
254,SMB,2024-09-10
255,Enterprise,2024-09-11
256,SMB,2024-09-12
257,Startup,2024-09-13
258,SMB,2024-09-14
259,SMB,2024-09-15
260,Enterprise,2024-09-16
261,SMB,2024-09-17
262,Startup,2024-09-18
263,Enterprise,2024-09-19
264,SMB,2024-09-20
265,Startup,2024-09-21
266,Startup,2024-09-22
267,SMB,2024-09-23
268,Startup,2024-09-24
269,SMB,2024-09-25
270,SMB,2024-09-26
271,Startup,2024-09-27
272,Startup,2024-09-28
273,Startup,2024-09-29
274,Startup,2024-09-30
275,SMB,2024-10-01
276,SMB,2024-10-02
277,Startup,2024-10-03
278,SMB,2024-10-04
279,Startup,2024-10-05
280,Startup,2024-10-06
281,Startup,2024-10-07
282,SMB,2024-10-08
283,SMB,2024-10-09
284,Enterprise,2024-10-10
285,SMB,2024-10-11
286,Enterprise,2024-10-12
287,SMB,2024-10-13
288,SMB,2024-10-14
289,SMB,2024-10-15
290,SMB,2024-10-16
291,Enterprise,2024-10-17
292,Enterprise,2024-10-18
293,Startup,2024-10-19
294,SMB,2024-10-20
295,Enterprise,2024-10-21
296,SMB,2024-10-22
297,Startup,2024-10-23
298,SMB,2024-10-24
299,SMB,2024-10-25
300,Enterprise,2024-10-26
301,Enterprise,2024-10-27
302,SMB,2024-10-28
303,SMB,2024-10-29
304,SMB,2024-10-30
305,Startup,2024-10-31
306,Startup,2024-11-01
307,SMB,2024-11-02
308,SMB,2024-11-03
309,Startup,2024-11-04
310,SMB,2024-11-05
311,SMB,2024-11-06
312,Enterprise,2024-11-07
313,Enterprise,2024-11-08
314,Startup,2024-11-09
315,Startup,2024-11-10
316,SMB,2024-11-11
317,SMB,2024-11-12
318,Enterprise,2024-11-13
319,Enterprise,2024-11-14
320,SMB,2024-11-15
321,SMB,2024-11-16
322,Startup,2024-11-17
323,SMB,2024-11-18
324,SMB,2024-11-19
325,Startup,2024-11-20
326,Startup,2024-11-21
327,SMB,2024-11-22
328,SMB,2024-11-23
329,SMB,2024-11-24
330,SMB,2024-11-25
331,SMB,2024-11-26
332,Startup,2024-11-27
333,Enterprise,2024-11-28
334,Enterprise,2024-11-29
335,Enterprise,2024-11-30
336,Enterprise,2024-12-01
337,Startup,2024-12-02
338,Startup,2024-12-03
339,SMB,2024-12-04
340,Enterprise,2024-12-05
341,SMB,2024-12-06
342,SMB,2024-12-07
343,Enterprise,2024-12-08
344,SMB,2024-12-09
345,SMB,2024-12-10
346,SMB,2024-12-11
347,SMB,2024-12-12
348,Enterprise,2024-12-13
349,SMB,2024-12-14
350,SMB,2024-12-15
351,SMB,2024-12-16
352,Startup,2024-12-17
353,SMB,2024-12-18
354,Enterprise,2024-12-19
355,Enterprise,2024-12-20
356,SMB,2024-12-21
357,Enterprise,2024-12-22
358,SMB,2024-12-23
359,Startup,2024-12-24
360,SMB,2024-12-25
361,SMB,2024-12-26
362,SMB,2024-12-27
363,SMB,2024-12-28
364,SMB,2024-12-29
365,Startup,2024-12-30
366,SMB,2024-12-31
367,Startup,2025-01-01
368,Startup,2025-01-02
369,Enterprise,2025-01-03
370,Enterprise,2025-01-04
371,Enterprise,2025-01-05
372,Enterprise,2025-01-06
373,Enterprise,2025-01-07
374,SMB,2025-01-08
375,Enterprise,2025-01-09
376,SMB,2025-01-10
377,Startup,2025-01-11
378,Enterprise,2025-01-12
379,Startup,2025-01-13
380,SMB,2025-01-14
381,Enterprise,2025-01-15
382,SMB,2025-01-16
383,SMB,2025-01-17
384,Startup,2025-01-18
385,Startup,2025-01-19
386,Startup,2025-01-20
387,SMB,2025-01-21
388,Enterprise,2025-01-22
389,Startup,2025-01-23
390,Startup,2025-01-24
391,Startup,2025-01-25
392,SMB,2025-01-26
393,SMB,2025-01-27
394,Startup,2025-01-28
395,SMB,2025-01-29
396,Startup,2025-01-30
397,Startup,2025-01-31
398,SMB,2025-02-01
399,Startup,2025-02-02
400,Startup,2025-02-03
401,Enterprise,2025-02-04
402,Startup,2025-02-05
403,SMB,2025-02-06
404,Startup,2025-02-07
405,SMB,2025-02-08
406,Startup,2025-02-09
407,SMB,2025-02-10
408,Enterprise,2025-02-11
409,Startup,2025-02-12
410,Enterprise,2025-02-13
411,SMB,2025-02-14
412,Startup,2025-02-15
413,Startup,2025-02-16
414,SMB,2025-02-17
415,SMB,2025-02-18
416,SMB,2025-02-19
417,SMB,2025-02-20
418,SMB,2025-02-21
419,SMB,2025-02-22
420,Startup,2025-02-23
421,Startup,2025-02-24
422,Startup,2025-02-25
423,Enterprise,2025-02-26
424,SMB,2025-02-27
425,Enterprise,2025-02-28
426,SMB,2025-03-01
427,SMB,2025-03-02
428,Startup,2025-03-03
429,SMB,2025-03-04
430,Enterprise,2025-03-05
431,Enterprise,2025-03-06
432,Startup,2025-03-07
433,SMB,2025-03-08
434,Enterprise,2025-03-09
435,Enterprise,2025-03-10
436,Startup,2025-03-11
437,Enterprise,2025-03-12
438,Startup,2025-03-13
439,Startup,2025-03-14
440,Enterprise,2025-03-15
441,Enterprise,2025-03-16
442,Startup,2025-03-17
443,SMB,2025-03-18
444,SMB,2025-03-19
445,Startup,2025-03-20
446,Startup,2025-03-21
447,Startup,2025-03-22
448,Startup,2025-03-23
449,SMB,2025-03-24
450,Enterprise,2025-03-25
451,Startup,2025-03-26
452,SMB,2025-03-27
453,SMB,2025-03-28
454,Startup,2025-03-29
455,Enterprise,2025-03-30
456,SMB,2025-03-31
457,Enterprise,2025-04-01
458,SMB,2025-04-02
459,Enterprise,2025-04-03
460,Enterprise,2025-04-04
461,Enterprise,2025-04-05
462,SMB,2025-04-06
463,Startup,2025-04-07
464,SMB,2025-04-08
465,Startup,2025-04-09
466,SMB,2025-04-10
467,SMB,2025-04-11
468,Startup,2025-04-12
469,SMB,2025-04-13
470,Startup,2025-04-14
471,Enterprise,2025-04-15
472,Startup,2025-04-16
473,Enterprise,2025-04-17
474,Startup,2025-04-18
475,SMB,2025-04-19
476,Startup,2025-04-20
477,Enterprise,2025-04-21
478,SMB,2025-04-22
479,Startup,2025-04-23
480,SMB,2025-04-24
481,SMB,2025-04-25
482,SMB,2025-04-26
483,SMB,2025-04-27
484,SMB,2025-04-28
485,SMB,2025-04-29
486,Startup,2025-04-30
487,Enterprise,2025-05-01
488,SMB,2025-05-02
489,Startup,2025-05-03
490,Startup,2025-05-04
491,SMB,2025-05-05
492,SMB,2025-05-06
493,SMB,2025-05-07
494,Enterprise,2025-05-08
495,SMB,2025-05-09
496,SMB,2025-05-10
497,SMB,2025-05-11
498,Enterprise,2025-05-12
499,Startup,2025-05-13
500,Startup,2025-05-14
501,SMB,2025-05-15
502,SMB,2025-05-16
503,SMB,2025-05-17
504,Startup,2025-05-18
505,SMB,2025-05-19
506,Enterprise,2025-05-20
507,Startup,2025-05-21
508,Startup,2025-05-22
509,Startup,2025-05-23
510,Startup,2025-05-24
511,SMB,2025-05-25
512,SMB,2025-05-26
513,Startup,2025-05-27
514,Startup,2025-05-28
515,Enterprise,2025-05-29
516,Enterprise,2025-05-30
517,SMB,2025-05-31
518,Startup,2025-06-01
519,Startup,2025-06-02
520,Enterprise,2025-06-03
521,SMB,2025-06-04
522,SMB,2025-06-05
523,Startup,2025-06-06
524,Startup,2025-06-07
525,Startup,2025-06-08
526,SMB,2025-06-09
527,SMB,2025-06-10
528,SMB,2025-06-11
529,Enterprise,2025-06-12
530,Startup,2025-06-13
531,Startup,2025-06-14
532,Startup,2025-06-15
533,Startup,2025-06-16
534,SMB,2025-06-17
535,Startup,2025-06-18
536,Startup,2025-06-19
537,Startup,2025-06-20
538,SMB,2025-06-21
539,SMB,2025-06-22
540,Enterprise,2025-06-23
541,Startup,2025-06-24
542,SMB,2025-06-25
543,SMB,2025-06-26
544,SMB,2025-06-27
545,SMB,2025-06-28
546,SMB,2025-06-29
547,Enterprise,2025-06-30
548,SMB,2025-07-01
549,SMB,2025-07-02
550,Startup,2025-07-03
551,SMB,2025-07-04
552,Startup,2025-07-05
553,SMB,2025-07-06
554,SMB,2025-07-07
555,Startup,2025-07-08
556,SMB,2025-07-09
557,Enterprise,2025-07-10
558,Enterprise,2025-07-11
559,Startup,2025-07-12
560,SMB,2025-07-13
561,Startup,2025-07-14
562,SMB,2025-07-15
563,Enterprise,2025-07-16
564,Enterprise,2025-07-17
565,SMB,2025-07-18
566,SMB,2025-07-19
567,SMB,2025-07-20
568,SMB,2025-07-21
569,Startup,2025-07-22
570,SMB,2025-07-23
571,SMB,2025-07-24
572,Startup,2025-07-25
573,SMB,2025-07-26
574,SMB,2025-07-27
575,Startup,2025-07-28
576,Startup,2025-07-29
577,Enterprise,2025-07-30
578,Startup,2025-07-31
579,SMB,2025-08-01
580,SMB,2025-08-02
581,SMB,2025-08-03
582,Startup,2025-08-04
583,SMB,2025-08-05
584,SMB,2025-08-06
585,SMB,2025-08-07
586,SMB,2025-08-08
587,Enterprise,2025-08-09
588,Enterprise,2025-08-10
589,Enterprise,2025-08-11
590,Enterprise,2025-08-12
591,Enterprise,2025-08-13
592,SMB,2025-08-14
593,Enterprise,2025-08-15
594,SMB,2025-08-16
595,Startup,2025-08-17
596,SMB,2025-08-18
597,SMB,2025-08-19
598,Enterprise,2025-08-20
599,Enterprise,2025-08-21
600,Enterprise,2025-08-22
601,Enterprise,2025-08-23
602,SMB,2025-08-24
603,Enterprise,2025-08-25
604,Enterprise,2025-08-26
605,Enterprise,2025-08-27
606,SMB,2025-08-28
607,SMB,2025-08-29
608,SMB,2025-08-30
609,SMB,2025-08-31
610,SMB,2025-09-01
611,Enterprise,2025-09-02
612,Startup,2025-09-03
613,SMB,2025-09-04
614,Enterprise,2025-09-05
615,Startup,2025-09-06
616,Startup,2025-09-07
617,Enterprise,2025-09-08
618,SMB,2025-09-09
619,Startup,2025-09-10
620,Startup,2025-09-11
621,Enterprise,2025-09-12
622,SMB,2025-09-13
623,SMB,2025-09-14
624,SMB,2025-09-15
625,SMB,2025-09-16
626,SMB,2025-09-17
627,SMB,2025-09-18
628,Startup,2025-09-19
629,Enterprise,2025-09-20
630,SMB,2025-09-21
631,Startup,2025-09-22
632,Startup,2025-09-23
633,SMB,2025-09-24
634,SMB,2025-09-25
635,Enterprise,2025-09-26
636,SMB,2025-09-27
637,SMB,2025-09-28
638,SMB,2025-09-29
639,SMB,2025-09-30
640,SMB,2025-10-01
641,Enterprise,2025-10-02
642,SMB,2025-10-03
643,SMB,2025-10-04
644,SMB,2025-10-05
645,Enterprise,2025-10-06
646,Startup,2025-10-07
647,SMB,2025-10-08
648,SMB,2025-10-09
649,Startup,2025-10-10
650,SMB,2025-10-11
651,Enterprise,2025-10-12
652,SMB,2025-10-13
653,SMB,2025-10-14
654,Startup,2025-10-15
655,SMB,2025-10-16
656,Enterprise,2025-10-17
657,SMB,2025-10-18
658,SMB,2025-10-19
659,SMB,2025-10-20
660,SMB,2025-10-21
661,SMB,2025-10-22
662,Startup,2025-10-23
663,SMB,2025-10-24
664,SMB,2025-10-25
665,Enterprise,2025-10-26
666,Enterprise,2025-10-27
667,SMB,2025-10-28
668,Enterprise,2025-10-29
669,Enterprise,2025-10-30
670,SMB,2025-10-31
671,Enterprise,2025-11-01
672,Startup,2025-11-02
673,Enterprise,2025-11-03
674,SMB,2025-11-04
675,SMB,2025-11-05
676,Startup,2025-11-06
677,Enterprise,2025-11-07
678,SMB,2025-11-08
679,Startup,2025-11-09
680,Startup,2025-11-10
681,Startup,2025-11-11
682,SMB,2025-11-12
683,Enterprise,2025-11-13
684,SMB,2025-11-14
685,Startup,2025-11-15
686,SMB,2025-11-16
687,SMB,2025-11-17
688,SMB,2025-11-18
689,Startup,2025-11-19
690,Enterprise,2025-11-20
691,SMB,2025-11-21
692,SMB,2025-11-22
693,SMB,2025-11-23
694,SMB,2025-11-24
695,Enterprise,2025-11-25
696,SMB,2025-11-26
697,SMB,2025-11-27
698,SMB,2025-11-28
699,Enterprise,2025-11-29
700,SMB,2025-11-30
701,SMB,2025-12-01
702,Enterprise,2025-12-02
703,SMB,2025-12-03
704,Enterprise,2025-12-04
705,Enterprise,2025-12-05
706,Startup,2025-12-06
707,SMB,2025-12-07
708,Startup,2025-12-08
709,SMB,2025-12-09
710,SMB,2025-12-10
711,Startup,2025-12-11
712,SMB,2025-12-12
713,SMB,2025-12-13
714,SMB,2025-12-14
715,SMB,2025-12-15
716,Startup,2025-12-16
717,Startup,2025-12-17
718,Startup,2025-12-18
719,Enterprise,2025-12-19
720,Startup,2025-12-20
721,Startup,2025-12-21
722,Enterprise,2025-12-22
723,Enterprise,2025-12-23
724,Startup,2025-12-24
725,SMB,2025-12-25
726,Startup,2025-12-26
727,Enterprise,2025-12-27
728,Startup,2025-12-28
729,SMB,2025-12-29
730,Enterprise,2025-12-30
731,Enterprise,2025-12-31
732,Startup,2026-01-01
733,SMB,2026-01-02
734,SMB,2026-01-03
735,SMB,2026-01-04
736,Startup,2026-01-05
737,SMB,2026-01-06
738,Startup,2026-01-07
739,SMB,2026-01-08
740,SMB,2026-01-09
741,SMB,2026-01-10
742,SMB,2026-01-11
743,Startup,2026-01-12
744,SMB,2026-01-13
745,SMB,2026-01-14
746,Startup,2026-01-15
747,SMB,2026-01-16
748,SMB,2026-01-17
749,Startup,2026-01-18
750,SMB,2026-01-19
751,Enterprise,2026-01-20
752,Startup,2026-01-21
753,SMB,2026-01-22
754,SMB,2026-01-23
755,Enterprise,2026-01-24
756,Startup,2026-01-25
757,SMB,2026-01-26
758,SMB,2026-01-27
759,Startup,2026-01-28
760,Startup,2026-01-29
761,Enterprise,2026-01-30
762,SMB,2026-01-31
763,SMB,2026-02-01
764,Startup,2026-02-02
765,Enterprise,2026-02-03
766,SMB,2026-02-04
767,Startup,2026-02-05
768,Startup,2026-02-06
769,SMB,2026-02-07
770,Startup,2026-02-08
771,Enterprise,2026-02-09
772,Startup,2026-02-10
773,Enterprise,2026-02-11
774,SMB,2026-02-12
775,Startup,2026-02-13
776,Enterprise,2026-02-14
777,SMB,2026-02-15
778,Startup,2026-02-16
779,Startup,2026-02-17
780,SMB,2026-02-18
781,SMB,2026-02-19
782,SMB,2026-02-20
783,SMB,2026-02-21
784,SMB,2026-02-22
785,Enterprise,2026-02-23
786,Startup,2026-02-24
787,SMB,2026-02-25
788,SMB,2026-02-26
789,SMB,2026-02-27
790,Startup,2026-02-28
791,Enterprise,2026-03-01
792,SMB,2026-03-02
793,SMB,2026-03-03
794,SMB,2026-03-04
795,Enterprise,2026-03-05
796,Startup,2026-03-06
797,Startup,2026-03-07
798,SMB,2026-03-08
799,SMB,2026-03-09
800,Startup,2026-03-10
801,Startup,2026-03-11
802,Enterprise,2026-03-12
803,SMB,2026-03-13
804,SMB,2026-03-14
805,SMB,2026-03-15
806,Startup,2026-03-16
807,Startup,2026-03-17
808,Startup,2026-03-18
809,SMB,2026-03-19
810,Enterprise,2026-03-20
811,Startup,2026-03-21
812,Startup,2026-03-22
813,Enterprise,2026-03-23
814,Startup,2026-03-24
815,Startup,2026-03-25
816,SMB,2026-03-26
817,SMB,2026-03-27
818,SMB,2026-03-28
819,Enterprise,2026-03-29
820,SMB,2026-03-30
821,Startup,2026-03-31
822,Enterprise,2026-04-01
823,SMB,2026-04-02
824,SMB,2026-04-03
825,SMB,2026-04-04
826,Startup,2026-04-05
827,SMB,2026-04-06
828,SMB,2026-04-07
829,Startup,2026-04-08
830,SMB,2026-04-09
831,SMB,2026-04-10
832,SMB,2026-04-11
833,Enterprise,2026-04-12
834,Enterprise,2026-04-13
835,SMB,2026-04-14
836,SMB,2026-04-15
837,Startup,2026-04-16
838,SMB,2026-04-17
839,SMB,2026-04-18
840,SMB,2026-04-19
841,Enterprise,2026-04-20
842,SMB,2026-04-21
843,Enterprise,2026-04-22
844,Startup,2026-04-23
845,Enterprise,2026-04-24
846,SMB,2026-04-25
847,Enterprise,2026-04-26
848,Startup,2026-04-27
849,SMB,2026-04-28
850,SMB,2026-04-29
851,Enterprise,2026-04-30
852,Startup,2026-05-01
853,SMB,2026-05-02
854,Startup,2026-05-03
855,SMB,2026-05-04
856,Enterprise,2026-05-05
857,Enterprise,2026-05-06
858,SMB,2026-05-07
859,SMB,2026-05-08
860,Enterprise,2026-05-09
861,Startup,2026-05-10
862,SMB,2026-05-11
863,SMB,2026-05-12
864,SMB,2026-05-13
865,SMB,2026-05-14
866,SMB,2026-05-15
867,Enterprise,2026-05-16
868,Enterprise,2026-05-17
869,Startup,2026-05-18
870,Startup,2026-05-19
871,SMB,2026-05-20
872,SMB,2026-05-21
873,SMB,2026-05-22
874,SMB,2026-05-23
875,Enterprise,2026-05-24
876,Enterprise,2026-05-25
877,Startup,2026-05-26
878,SMB,2026-05-27
879,Enterprise,2026-05-28
880,SMB,2026-05-29
881,SMB,2026-05-30
882,SMB,2026-05-31
883,Enterprise,2026-06-01
884,Enterprise,2026-06-02
885,Startup,2026-06-03
886,Enterprise,2026-06-04
887,SMB,2026-06-05
888,SMB,2026-06-06
889,Enterprise,2026-06-07
890,SMB,2026-06-08
891,Startup,2026-06-09
892,Startup,2026-06-10
893,Startup,2026-06-11
894,SMB,2026-06-12
895,SMB,2026-06-13
896,SMB,2026-06-14
897,SMB,2026-06-15
898,Startup,2026-06-16
899,Enterprise,2026-06-17
900,Enterprise,2026-06-18
901,SMB,2026-06-19
902,Enterprise,2026-06-20
903,Enterprise,2026-06-21
904,SMB,2026-06-22
905,SMB,2026-06-23
906,Startup,2026-06-24
907,Startup,2026-06-25
908,SMB,2026-06-26
909,SMB,2026-06-27
910,SMB,2026-06-28
911,SMB,2026-06-29
912,SMB,2026-06-30
913,SMB,2026-07-01
914,SMB,2026-07-02
915,SMB,2026-07-03
916,SMB,2026-07-04
917,SMB,2026-07-05
918,Startup,2026-07-06
919,Startup,2026-07-07
920,Enterprise,2026-07-08
921,Startup,2026-07-09
922,SMB,2026-07-10
923,Startup,2026-07-11
924,Startup,2026-07-12
925,SMB,2026-07-13
926,Enterprise,2026-07-14
927,SMB,2026-07-15
928,SMB,2026-07-16
929,SMB,2026-07-17
930,SMB,2026-07-18
931,Enterprise,2026-07-19
932,Startup,2026-07-20
933,Startup,2026-07-21
934,SMB,2026-07-22
935,Enterprise,2026-07-23
936,SMB,2026-07-24
937,Enterprise,2026-07-25
938,Startup,2026-07-26
939,Enterprise,2026-07-27
940,SMB,2026-07-28
941,SMB,2026-07-29
942,SMB,2026-07-30
943,SMB,2026-07-31
944,Startup,2026-08-01
945,SMB,2026-08-02
946,Enterprise,2026-08-03
947,Enterprise,2026-08-04
948,Startup,2026-08-05
949,Startup,2026-08-06
950,SMB,2026-08-07
951,SMB,2026-08-08
952,SMB,2026-08-09
953,Enterprise,2026-08-10
954,Startup,2026-08-11
955,SMB,2026-08-12
956,SMB,2026-08-13
957,SMB,2026-08-14
958,Enterprise,2026-08-15
959,Enterprise,2026-08-16
960,Startup,2026-08-17
961,Enterprise,2026-08-18
962,SMB,2026-08-19
963,SMB,2026-08-20
964,SMB,2026-08-21
965,SMB,2026-08-22
966,SMB,2026-08-23
967,Startup,2026-08-24
968,SMB,2026-08-25
969,SMB,2026-08-26
970,SMB,2026-08-27
971,SMB,2026-08-28
972,Startup,2026-08-29
973,Startup,2026-08-30
974,SMB,2026-08-31
975,Enterprise,2026-09-01
976,SMB,2026-09-02
977,SMB,2026-09-03
978,Enterprise,2026-09-04
979,SMB,2026-09-05
980,SMB,2026-09-06
981,SMB,2026-09-07
982,Startup,2026-09-08
983,Enterprise,2026-09-09
984,Enterprise,2026-09-10
985,Startup,2026-09-11
986,SMB,2026-09-12
987,SMB,2026-09-13
988,SMB,2026-09-14
989,SMB,2026-09-15
990,Startup,2026-09-16
991,Startup,2026-09-17
992,SMB,2026-09-18
993,SMB,2026-09-19
994,SMB,2026-09-20
995,SMB,2026-09-21
996,Enterprise,2026-09-22
997,Startup,2026-09-23
998,Enterprise,2026-09-24
999,Startup,2026-09-25
1000,SMB,2026-09-26
