transaction_id,customer_id,transaction_date,amount,customer_type,product,payment_status
1,103,2025-01-01 00:00:00.000000,495.46,SMB,Product_A,success
2,271,2025-01-01 04:19:27.567567,116.31,SMB,Product_A,success
3,107,2025-01-01 08:38:55.135135,497.43,Startup,Product_B,success
4,72,2025-01-01 12:58:22.702702,63.11,SMB,Product_A,success
5,189,2025-01-01 17:17:50.270270,21.11,SMB,Product_B,success
6,21,2025-01-01 21:37:17.837837,41.2,Startup,Product_B,success
7,103,2025-01-02 01:56:45.405405,184.06,SMB,Product_B,success
8,122,2025-01-02 06:16:12.972972,323.8,SMB,Product_C,success
9,215,2025-01-02 10:35:40.540540,53.13,SMB,Product_C,success
10,88,2025-01-02 14:55:08.108108,22.72,SMB,Product_C,success
11,100,2025-01-02 19:14:35.675675,469.8,Startup,Product_B,success
12,152,2025-01-02 23:34:03.243243,414.52,Enterprise,Product_B,failed
13,131,2025-01-03 03:53:30.810810,408.41,SMB,Product_C,success
14,150,2025-01-03 08:12:58.378378,444.52,Enterprise,Product_A,success
15,258,2025-01-03 12:32:25.945945,356.02,Startup,Product_B,success
16,294,2025-01-03 16:51:53.513513,70.11,SMB,Product_A,success
17,192,2025-01-03 21:11:21.081081,211.57,Startup,Product_A,failed
18,277,2025-01-04 01:30:48.648648,367.11,SMB,Product_B,success
19,161,2025-01-04 05:50:16.216216,154.56,Startup,Product_B,success
20,22,2025-01-04 10:09:43.783783,349.96,Startup,Product_A,success
21,253,2025-01-04 14:29:11.351351,31.76,Startup,Product_A,success
22,236,2025-01-04 18:48:38.918918,166.95,Startup,Product_C,success
23,49,2025-01-04 23:08:06.486486,283.58,SMB,Product_C,success
24,59,2025-01-05 03:27:34.054054,323.4,SMB,Product_B,success
25,170,2025-01-05 07:47:01.621621,296.98,SMB,Product_C,success
26,188,2025-01-05 12:06:29.189189,354.92,Enterprise,Product_C,success
27,271,2025-01-05 16:25:56.756756,22.92,SMB,Product_C,success
28,190,2025-01-05 20:45:24.324324,68.45,SMB,Product_C,success
29,175,2025-01-06 01:04:51.891891,437.09,SMB,Product_A,success
30,51,2025-01-06 05:24:19.459459,347.24,SMB,Product_B,success
31,55,2025-01-06 09:43:47.027027,74.21,Startup,Product_C,success
32,244,2025-01-06 14:03:14.594594,424.2,SMB,Product_A,failed
33,131,2025-01-06 18:22:42.162162,136.27,Startup,Product_A,success
34,135,2025-01-06 22:42:09.729729,249.56,Startup,Product_A,success
35,21,2025-01-07 03:01:37.297297,89.69,Startup,Product_C,success
36,167,2025-01-07 07:21:04.864864,360.85,SMB,Product_C,success
37,274,2025-01-07 11:40:32.432432,340.09,Startup,Product_B,success
38,89,2025-01-07 16:00:00.000000,121.33,Startup,Product_C,success
39,14,2025-01-07 20:19:27.567567,434.43,Startup,Product_C,success
40,242,2025-01-08 00:38:55.135135,212.63,Enterprise,Product_A,failed
41,265,2025-01-08 04:58:22.702702,160.41,SMB,Product_B,success
42,53,2025-01-08 09:17:50.270270,93.12,SMB,Product_C,success
43,92,2025-01-08 13:37:17.837837,147.76,Enterprise,Product_C,success
44,264,2025-01-08 17:56:45.405405,30.57,SMB,Product_A,success
45,35,2025-01-08 22:16:12.972972,299.96,Startup,Product_A,success
46,206,2025-01-09 02:35:40.540540,424.27,Startup,Product_C,success
47,81,2025-01-09 06:55:08.108108,283.51,Enterprise,Product_B,success
48,50,2025-01-09 11:14:35.675675,125.25,Startup,Product_B,success
49,2,2025-01-09 15:34:03.243243,36.16,SMB,Product_A,success
50,54,2025-01-09 19:53:30.810810,123.02,Startup,Product_A,success
51,106,2025-01-10 00:12:58.378378,219.74,Startup,Product_C,success
52,260,2025-01-10 04:32:25.945945,384.61,SMB,Product_A,success
53,191,2025-01-10 08:51:53.513513,110.16,SMB,Product_C,success
54,218,2025-01-10 13:11:21.081081,365.5,Startup,Product_B,success
55,44,2025-01-10 17:30:48.648648,436.13,SMB,Product_B,success
56,162,2025-01-10 21:50:16.216216,237.89,Enterprise,Product_C,success
57,202,2025-01-11 02:09:43.783783,414.29,Startup,Product_A,success
58,270,2025-01-11 06:29:11.351351,286.24,SMB,Product_B,success
59,271,2025-01-11 10:48:38.918918,325.8,Startup,Product_A,success
60,215,2025-01-11 15:08:06.486486,272.61,SMB,Product_B,success
61,252,2025-01-11 19:27:34.054054,242.32,Startup,Product_C,success
62,190,2025-01-11 23:47:01.621621,132.63,SMB,Product_C,success
63,296,2025-01-12 04:06:29.189189,165.53,Startup,Product_C,success
64,213,2025-01-12 08:25:56.756756,159.19,Startup,Product_B,success
65,208,2025-01-12 12:45:24.324324,290.38,Enterprise,Product_A,success
66,237,2025-01-12 17:04:51.891891,77.58,SMB,Product_A,success
67,53,2025-01-12 21:24:19.459459,460.06,Startup,Product_A,success
68,280,2025-01-13 01:43:47.027027,365.91,SMB,Product_B,success
69,217,2025-01-13 06:03:14.594594,212.69,Enterprise,Product_B,failed
70,252,2025-01-13 10:22:42.162162,96.14,SMB,Product_B,success
71,188,2025-01-13 14:42:09.729729,443.36,SMB,Product_B,success
72,41,2025-01-13 19:01:37.297297,415.41,Startup,Product_B,success
73,157,2025-01-13 23:21:04.864864,366.43,SMB,Product_A,success
74,15,2025-01-14 03:40:32.432432,150.34,SMB,Product_B,success
75,65,2025-01-14 08:00:00.000000,213.17,SMB,Product_B,success
76,9,2025-01-14 12:19:27.567567,69.32,SMB,Product_A,success
77,129,2025-01-14 16:38:55.135135,110.74,SMB,Product_B,success
78,136,2025-01-14 20:58:22.702702,395.85,Enterprise,Product_A,success
79,63,2025-01-15 01:17:50.270270,363.22,Startup,Product_A,success
80,139,2025-01-15 05:37:17.837837,304.87,SMB,Product_C,success
81,81,2025-01-15 09:56:45.405405,449.95,SMB,Product_C,success
82,163,2025-01-15 14:16:12.972972,299.97,Startup,Product_C,success
83,289,2025-01-15 18:35:40.540540,244.14,SMB,Product_C,success
84,261,2025-01-15 22:55:08.108108,183.38,Startup,Product_B,success
85,231,2025-01-16 03:14:35.675675,471.42,SMB,Product_C,success
86,41,2025-01-16 07:34:03.243243,59.7,Enterprise,Product_A,success
87,28,2025-01-16 11:53:30.810810,466.83,SMB,Product_B,success
88,135,2025-01-16 16:12:58.378378,416.82,SMB,Product_C,success
89,201,2025-01-16 20:32:25.945945,82.37,Startup,Product_A,success
90,268,2025-01-17 00:51:53.513513,291.19,Enterprise,Product_B,success
91,33,2025-01-17 05:11:21.081081,435.94,Enterprise,Product_B,success
92,48,2025-01-17 09:30:48.648648,294.47,SMB,Product_C,failed
93,62,2025-01-17 13:50:16.216216,455.46,SMB,Product_B,success
94,216,2025-01-17 18:09:43.783783,472.63,Startup,Product_A,success
95,293,2025-01-17 22:29:11.351351,222.74,SMB,Product_B,success
96,99,2025-01-18 02:48:38.918918,201.11,SMB,Product_A,success
97,172,2025-01-18 07:08:06.486486,469.43,SMB,Product_B,success
98,214,2025-01-18 11:27:34.054054,344.07,SMB,Product_C,success
99,35,2025-01-18 15:47:01.621621,75.69,Startup,Product_A,success
100,227,2025-01-18 20:06:29.189189,40.3,SMB,Product_B,success
101,101,2025-01-19 00:25:56.756756,291.02,Startup,Product_B,success
102,131,2025-01-19 04:45:24.324324,466.48,SMB,Product_B,success
103,257,2025-01-19 09:04:51.891891,425.24,SMB,Product_A,success
104,5,2025-01-19 13:24:19.459459,344.41,Startup,Product_A,success
105,218,2025-01-19 17:43:47.027027,86.78,Enterprise,Product_A,success
106,255,2025-01-19 22:03:14.594594,142.03,Enterprise,Product_C,success
107,283,2025-01-20 02:22:42.162162,440.25,Startup,Product_C,success
108,207,2025-01-20 06:42:09.729729,107.75,Enterprise,Product_A,success
109,15,2025-01-20 11:01:37.297297,153.65,Startup,Product_B,success
110,42,2025-01-20 15:21:04.864864,82.21,SMB,Product_C,success
111,179,2025-01-20 19:40:32.432432,344.53,Startup,Product_A,success
112,63,2025-01-21 00:00:00.000000,473.11,Startup,Product_B,success
113,231,2025-01-21 04:19:27.567567,149.1,SMB,Product_C,success
114,241,2025-01-21 08:38:55.135135,248.2,Startup,Product_B,success
115,52,2025-01-21 12:58:22.702702,324.48,SMB,Product_B,success
116,96,2025-01-21 17:17:50.270270,499.74,Startup,Product_B,success
117,222,2025-01-21 21:37:17.837837,70.31,Enterprise,Product_B,success
118,231,2025-01-22 01:56:45.405405,259.31,SMB,Product_C,success
119,237,2025-01-22 06:16:12.972972,204.86,SMB,Product_C,success
120,143,2025-01-22 10:35:40.540540,435.59,SMB,Product_C,success
121,171,2025-01-22 14:55:08.108108,248.46,Enterprise,Product_A,success
122,29,2025-01-22 19:14:35.675675,73.27,Startup,Product_C,success
123,36,2025-01-22 23:34:03.243243,324.52,Startup,Product_B,success
124,13,2025-01-23 03:53:30.810810,389.97,Startup,Product_C,success
125,160,2025-01-23 08:12:58.378378,21.38,Enterprise,Product_B,success
126,187,2025-01-23 12:32:25.945945,432.3,SMB,Product_A,success
127,243,2025-01-23 16:51:53.513513,109.29,SMB,Product_B,success
128,86,2025-01-23 21:11:21.081081,284.99,SMB,Product_B,success
129,284,2025-01-24 01:30:48.648648,219.58,SMB,Product_B,success
130,66,2025-01-24 05:50:16.216216,365.43,SMB,Product_A,success
131,170,2025-01-24 10:09:43.783783,198.16,Startup,Product_C,success
132,45,2025-01-24 14:29:11.351351,437.49,SMB,Product_C,success
133,62,2025-01-24 18:48:38.918918,370.64,SMB,Product_A,success
134,134,2025-01-24 23:08:06.486486,330.9,Enterprise,Product_B,success
135,284,2025-01-25 03:27:34.054054,402.2,Enterprise,Product_C,success
136,28,2025-01-25 07:47:01.621621,381.93,Enterprise,Product_A,success
137,108,2025-01-25 12:06:29.189189,37.25,Startup,Product_C,success
138,44,2025-01-25 16:25:56.756756,209.47,Enterprise,Product_A,success
139,286,2025-01-25 20:45:24.324324,466.79,Enterprise,Product_B,failed
140,128,2025-01-26 01:04:51.891891,80.35,SMB,Product_C,success
141,231,2025-01-26 05:24:19.459459,373.81,Startup,Product_A,success
142,190,2025-01-26 09:43:47.027027,487.8,Startup,Product_C,success
143,225,2025-01-26 14:03:14.594594,45.06,Startup,Product_C,success
144,283,2025-01-26 18:22:42.162162,347.45,SMB,Product_C,success
145,121,2025-01-26 22:42:09.729729,244.71,SMB,Product_C,success
146,116,2025-01-27 03:01:37.297297,298.0,Enterprise,Product_A,success
147,233,2025-01-27 07:21:04.864864,60.96,Startup,Product_B,success
148,259,2025-01-27 11:40:32.432432,40.64,Startup,Product_A,success
149,198,2025-01-27 16:00:00.000000,340.1,SMB,Product_A,success
150,137,2025-01-27 20:19:27.567567,415.19,Startup,Product_A,success
151,165,2025-01-28 00:38:55.135135,395.37,Startup,Product_B,success
152,225,2025-01-28 04:58:22.702702,281.03,SMB,Product_C,success
153,234,2025-01-28 09:17:50.270270,67.94,Startup,Product_C,success
154,172,2025-01-28 13:37:17.837837,350.26,Startup,Product_C,success
155,152,2025-01-28 17:56:45.405405,136.11,SMB,Product_B,success
156,160,2025-01-28 22:16:12.972972,457.31,SMB,Product_C,success
157,96,2025-01-29 02:35:40.540540,422.37,Enterprise,Product_B,success
158,233,2025-01-29 06:55:08.108108,360.5,SMB,Product_C,success
159,180,2025-01-29 11:14:35.675675,475.45,Enterprise,Product_C,success
160,113,2025-01-29 15:34:03.243243,35.08,SMB,Product_A,success
161,52,2025-01-29 19:53:30.810810,373.38,Startup,Product_B,success
162,268,2025-01-30 00:12:58.378378,178.52,SMB,Product_A,success
163,295,2025-01-30 04:32:25.945945,454.91,SMB,Product_A,success
164,113,2025-01-30 08:51:53.513513,148.0,SMB,Product_A,success
165,101,2025-01-30 13:11:21.081081,367.93,Enterprise,Product_B,success
166,113,2025-01-30 17:30:48.648648,441.27,Startup,Product_B,success
167,81,2025-01-30 21:50:16.216216,40.0,Enterprise,Product_C,success
168,187,2025-01-31 02:09:43.783783,210.87,Enterprise,Product_A,success
169,113,2025-01-31 06:29:11.351351,385.91,SMB,Product_C,success
170,2,2025-01-31 10:48:38.918918,238.36,Startup,Product_A,success
171,130,2025-01-31 15:08:06.486486,148.28,Startup,Product_B,success
172,220,2025-01-31 19:27:34.054054,125.51,Enterprise,Product_B,success
173,54,2025-01-31 23:47:01.621621,83.13,SMB,Product_B,success
174,224,2025-02-01 04:06:29.189189,431.42,SMB,Product_A,success
175,225,2025-02-01 08:25:56.756756,296.17,SMB,Product_B,success
176,126,2025-02-01 12:45:24.324324,56.66,SMB,Product_A,success
177,130,2025-02-01 17:04:51.891891,203.64,SMB,Product_C,success
178,53,2025-02-01 21:24:19.459459,196.51,SMB,Product_A,success
179,172,2025-02-02 01:43:47.027027,107.23,SMB,Product_C,success
180,218,2025-02-02 06:03:14.594594,229.04,Startup,Product_A,success
181,160,2025-02-02 10:22:42.162162,179.41,SMB,Product_C,success
182,198,2025-02-02 14:42:09.729729,184.07,SMB,Product_B,success
183,247,2025-02-02 19:01:37.297297,374.73,SMB,Product_C,success
184,203,2025-02-02 23:21:04.864864,127.17,SMB,Product_B,success
185,184,2025-02-03 03:40:32.432432,328.09,Startup,Product_B,success
186,123,2025-02-03 08:00:00.000000,293.91,SMB,Product_C,success
187,255,2025-02-03 12:19:27.567567,292.68,SMB,Product_A,success
188,294,2025-02-03 16:38:55.135135,338.24,Startup,Product_A,success
189,280,2025-02-03 20:58:22.702702,283.22,SMB,Product_A,success
190,98,2025-02-04 01:17:50.270270,442.04,SMB,Product_A,success
191,198,2025-02-04 05:37:17.837837,344.28,Startup,Product_A,success
192,240,2025-02-04 09:56:45.405405,282.54,SMB,Product_B,success
193,144,2025-02-04 14:16:12.972972,418.29,SMB,Product_A,failed
194,97,2025-02-04 18:35:40.540540,310.95,Startup,Product_B,success
195,201,2025-02-04 22:55:08.108108,159.75,Enterprise,Product_B,failed
196,124,2025-02-05 03:14:35.675675,119.41,Enterprise,Product_B,success
197,187,2025-02-05 07:34:03.243243,93.12,SMB,Product_C,success
198,259,2025-02-05 11:53:30.810810,451.74,Startup,Product_C,success
199,148,2025-02-05 16:12:58.378378,360.87,Enterprise,Product_B,success
200,252,2025-02-05 20:32:25.945945,469.94,Enterprise,Product_C,success
201,147,2025-02-06 00:51:53.513513,309.58,Enterprise,Product_A,success
202,148,2025-02-06 05:11:21.081081,247.23,Enterprise,Product_A,success
203,199,2025-02-06 09:30:48.648648,48.66,Enterprise,Product_B,success
204,128,2025-02-06 13:50:16.216216,342.39,SMB,Product_A,success
205,39,2025-02-06 18:09:43.783783,299.46,SMB,Product_B,success
206,129,2025-02-06 22:29:11.351351,495.3,SMB,Product_B,success
207,267,2025-02-07 02:48:38.918918,134.8,SMB,Product_A,success
208,151,2025-02-07 07:08:06.486486,274.75,Enterprise,Product_C,success
209,298,2025-02-07 11:27:34.054054,332.46,SMB,Product_A,success
210,99,2025-02-07 15:47:01.621621,329.4,SMB,Product_A,success
211,263,2025-02-07 20:06:29.189189,289.42,Startup,Product_B,success
212,252,2025-02-08 00:25:56.756756,392.93,Enterprise,Product_B,success
213,144,2025-02-08 04:45:24.324324,118.39,SMB,Product_B,success
214,112,2025-02-08 09:04:51.891891,368.3,SMB,Product_B,success
215,60,2025-02-08 13:24:19.459459,317.47,Startup,Product_C,success
216,2,2025-02-08 17:43:47.027027,450.12,Startup,Product_C,success
217,254,2025-02-08 22:03:14.594594,426.65,SMB,Product_C,success
218,140,2025-02-09 02:22:42.162162,171.27,SMB,Product_B,success
219,37,2025-02-09 06:42:09.729729,152.59,Startup,Product_B,success
220,160,2025-02-09 11:01:37.297297,491.19,Enterprise,Product_B,success
221,9,2025-02-09 15:21:04.864864,273.09,Enterprise,Product_C,success
222,233,2025-02-09 19:40:32.432432,455.08,SMB,Product_B,success
223,99,2025-02-10 00:00:00.000000,98.66,Enterprise,Product_A,success
224,147,2025-02-10 04:19:27.567567,328.55,Startup,Product_A,success
225,208,2025-02-10 08:38:55.135135,408.73,Startup,Product_B,success
226,131,2025-02-10 12:58:22.702702,474.75,SMB,Product_A,success
227,152,2025-02-10 17:17:50.270270,181.92,SMB,Product_A,success
228,54,2025-02-10 21:37:17.837837,367.99,Startup,Product_C,success
229,120,2025-02-11 01:56:45.405405,278.63,Startup,Product_B,success
230,161,2025-02-11 06:16:12.972972,49.1,SMB,Product_B,success
231,116,2025-02-11 10:35:40.540540,351.2,Startup,Product_C,success
232,75,2025-02-11 14:55:08.108108,351.25,Startup,Product_A,success
233,113,2025-02-11 19:14:35.675675,466.69,Startup,Product_A,success
234,104,2025-02-11 23:34:03.243243,258.71,Enterprise,Product_B,success
235,254,2025-02-12 03:53:30.810810,130.52,SMB,Product_A,success
236,227,2025-02-12 08:12:58.378378,41.39,Startup,Product_C,success
237,112,2025-02-12 12:32:25.945945,219.51,SMB,Product_C,success
238,99,2025-02-12 16:51:53.513513,164.92,Startup,Product_B,success
239,153,2025-02-12 21:11:21.081081,385.32,Enterprise,Product_C,success
240,194,2025-02-13 01:30:48.648648,190.05,Enterprise,Product_C,success
241,163,2025-02-13 05:50:16.216216,475.55,SMB,Product_B,success
242,208,2025-02-13 10:09:43.783783,481.91,Enterprise,Product_C,success
243,169,2025-02-13 14:29:11.351351,318.04,Startup,Product_C,success
244,161,2025-02-13 18:48:38.918918,465.76,Startup,Product_C,success
245,68,2025-02-13 23:08:06.486486,385.21,Startup,Product_A,success
246,289,2025-02-14 03:27:34.054054,282.49,SMB,Product_B,success
247,277,2025-02-14 07:47:01.621621,106.55,SMB,Product_B,success
248,135,2025-02-14 12:06:29.189189,240.13,SMB,Product_B,success
249,195,2025-02-14 16:25:56.756756,289.22,SMB,Product_A,success
250,128,2025-02-14 20:45:24.324324,434.7,SMB,Product_A,success
251,33,2025-02-15 01:04:51.891891,251.04,SMB,Product_B,success
252,176,2025-02-15 05:24:19.459459,450.88,SMB,Product_A,success
253,22,2025-02-15 09:43:47.027027,343.69,SMB,Product_B,success
254,238,2025-02-15 14:03:14.594594,85.76,Startup,Product_A,success
255,158,2025-02-15 18:22:42.162162,497.59,Startup,Product_C,success
256,38,2025-02-15 22:42:09.729729,273.07,SMB,Product_C,success
257,230,2025-02-16 03:01:37.297297,208.09,SMB,Product_B,success
258,51,2025-02-16 07:21:04.864864,336.37,Startup,Product_A,success
259,264,2025-02-16 11:40:32.432432,72.27,Enterprise,Product_A,success
260,283,2025-02-16 16:00:00.000000,325.54,Startup,Product_C,success
261,27,2025-02-16 20:19:27.567567,259.15,Startup,Product_C,success
262,226,2025-02-17 00:38:55.135135,215.2,SMB,Product_A,success
263,277,2025-02-17 04:58:22.702702,477.45,SMB,Product_A,success
264,286,2025-02-17 09:17:50.270270,270.82,SMB,Product_A,success
265,97,2025-02-17 13:37:17.837837,125.18,SMB,Product_A,success
266,284,2025-02-17 17:56:45.405405,240.3,Enterprise,Product_A,success
267,147,2025-02-17 22:16:12.972972,461.31,Startup,Product_A,success
268,4,2025-02-18 02:35:40.540540,104.53,Enterprise,Product_B,success
269,35,2025-02-18 06:55:08.108108,122.7,SMB,Product_A,success
270,192,2025-02-18 11:14:35.675675,26.25,Startup,Product_C,success
271,49,2025-02-18 15:34:03.243243,26.81,Startup,Product_B,success
272,17,2025-02-18 19:53:30.810810,418.11,SMB,Product_A,success
273,172,2025-02-19 00:12:58.378378,371.42,SMB,Product_C,success
274,220,2025-02-19 04:32:25.945945,190.42,Enterprise,Product_B,success
275,158,2025-02-19 08:51:53.513513,355.19,SMB,Product_C,success
276,46,2025-02-19 13:11:21.081081,209.7,Enterprise,Product_A,success
277,6,2025-02-19 17:30:48.648648,477.39,SMB,Product_A,success
278,99,2025-02-19 21:50:16.216216,484.19,Startup,Product_A,success
279,233,2025-02-20 02:09:43.783783,208.54,Enterprise,Product_A,success
280,37,2025-02-20 06:29:11.351351,430.03,Startup,Product_B,success
281,280,2025-02-20 10:48:38.918918,391.08,Startup,Product_B,success
282,181,2025-02-20 15:08:06.486486,168.8,Enterprise,Product_C,success
283,95,2025-02-20 19:27:34.054054,131.38,Startup,Product_A,success
284,99,2025-02-20 23:47:01.621621,239.95,SMB,Product_C,success
285,188,2025-02-21 04:06:29.189189,395.05,Startup,Product_B,failed
286,116,2025-02-21 08:25:56.756756,480.88,SMB,Product_A,success
287,191,2025-02-21 12:45:24.324324,386.52,SMB,Product_A,success
288,253,2025-02-21 17:04:51.891891,430.5,SMB,Product_B,success
289,161,2025-02-21 21:24:19.459459,309.47,Startup,Product_B,success
290,256,2025-02-22 01:43:47.027027,421.0,Startup,Product_B,success
291,128,2025-02-22 06:03:14.594594,396.52,SMB,Product_B,success
292,18,2025-02-22 10:22:42.162162,200.95,Startup,Product_B,success
293,281,2025-02-22 14:42:09.729729,284.96,SMB,Product_A,success
294,223,2025-02-22 19:01:37.297297,406.28,Enterprise,Product_B,success
295,54,2025-02-22 23:21:04.864864,42.11,Enterprise,Product_A,success
296,58,2025-02-23 03:40:32.432432,407.88,SMB,Product_A,success
297,174,2025-02-23 08:00:00.000000,105.39,SMB,Product_B,success
298,280,2025-02-23 12:19:27.567567,267.05,Startup,Product_B,success
299,114,2025-02-23 16:38:55.135135,407.97,Enterprise,Product_A,success
300,288,2025-02-23 20:58:22.702702,141.83,SMB,Product_B,success
301,151,2025-02-24 01:17:50.270270,137.99,Enterprise,Product_B,success
302,127,2025-02-24 05:37:17.837837,213.33,Startup,Product_B,success
303,155,2025-02-24 09:56:45.405405,449.43,Startup,Product_C,success
304,273,2025-02-24 14:16:12.972972,20.21,SMB,Product_A,success
305,104,2025-02-24 18:35:40.540540,452.66,Startup,Product_C,success
306,299,2025-02-24 22:55:08.108108,93.83,Enterprise,Product_B,success
307,246,2025-02-25 03:14:35.675675,495.24,Startup,Product_C,success
308,176,2025-02-25 07:34:03.243243,478.33,SMB,Product_B,success
309,39,2025-02-25 11:53:30.810810,257.44,Startup,Product_C,success
310,170,2025-02-25 16:12:58.378378,266.11,Enterprise,Product_B,success
311,247,2025-02-25 20:32:25.945945,251.14,SMB,Product_C,success
312,26,2025-02-26 00:51:53.513513,325.01,Startup,Product_C,success
313,13,2025-02-26 05:11:21.081081,63.55,SMB,Product_C,success
314,36,2025-02-26 09:30:48.648648,35.66,Enterprise,Product_A,success
315,173,2025-02-26 13:50:16.216216,47.7,Enterprise,Product_C,success
316,20,2025-02-26 18:09:43.783783,233.3,SMB,Product_A,success
317,264,2025-02-26 22:29:11.351351,152.26,SMB,Product_B,success
318,142,2025-02-27 02:48:38.918918,318.58,Enterprise,Product_C,success
319,143,2025-02-27 07:08:06.486486,496.37,SMB,Product_B,success
320,92,2025-02-27 11:27:34.054054,205.44,Enterprise,Product_B,success
321,288,2025-02-27 15:47:01.621621,295.44,Startup,Product_C,success
322,215,2025-02-27 20:06:29.189189,219.49,Enterprise,Product_A,success
323,51,2025-02-28 00:25:56.756756,426.69,SMB,Product_C,success
324,153,2025-02-28 04:45:24.324324,453.07,Enterprise,Product_B,success
325,186,2025-02-28 09:04:51.891891,441.13,SMB,Product_B,success
326,63,2025-02-28 13:24:19.459459,487.7,Startup,Product_C,success
327,190,2025-02-28 17:43:47.027027,33.21,SMB,Product_A,success
328,125,2025-02-28 22:03:14.594594,423.11,Enterprise,Product_A,success
329,150,2025-03-01 02:22:42.162162,380.85,Startup,Product_B,success
330,58,2025-03-01 06:42:09.729729,129.77,Startup,Product_B,success
331,180,2025-03-01 11:01:37.297297,479.03,Enterprise,Product_A,success
332,170,2025-03-01 15:21:04.864864,91.13,Startup,Product_C,success
333,271,2025-03-01 19:40:32.432432,346.18,Startup,Product_B,success
334,54,2025-03-02 00:00:00.000000,127.95,Enterprise,Product_A,success
335,101,2025-03-02 04:19:27.567567,227.06,Startup,Product_B,success
336,264,2025-03-02 08:38:55.135135,365.2,Startup,Product_C,failed
337,53,2025-03-02 12:58:22.702702,290.4,SMB,Product_A,success
338,60,2025-03-02 17:17:50.270270,225.2,Enterprise,Product_B,success
339,108,2025-03-02 21:37:17.837837,176.64,Enterprise,Product_C,success
340,5,2025-03-03 01:56:45.405405,423.04,Startup,Product_B,success
341,103,2025-03-03 06:16:12.972972,89.03,Startup,Product_C,success
342,196,2025-03-03 10:35:40.540540,226.45,SMB,Product_C,success
343,262,2025-03-03 14:55:08.108108,453.8,SMB,Product_A,success
344,47,2025-03-03 19:14:35.675675,426.01,SMB,Product_C,success
345,144,2025-03-03 23:34:03.243243,212.45,SMB,Product_B,success
346,269,2025-03-04 03:53:30.810810,386.29,SMB,Product_C,success
347,124,2025-03-04 08:12:58.378378,415.12,Enterprise,Product_C,success
348,106,2025-03-04 12:32:25.945945,446.67,Startup,Product_A,success
349,158,2025-03-04 16:51:53.513513,281.36,SMB,Product_C,success
350,147,2025-03-04 21:11:21.081081,118.14,Startup,Product_C,success
351,145,2025-03-05 01:30:48.648648,142.55,SMB,Product_B,success
352,120,2025-03-05 05:50:16.216216,161.93,Enterprise,Product_A,success
353,275,2025-03-05 10:09:43.783783,305.03,Enterprise,Product_A,failed
354,92,2025-03-05 14:29:11.351351,35.75,SMB,Product_A,success
355,58,2025-03-05 18:48:38.918918,325.3,Startup,Product_C,success
356,229,2025-03-05 23:08:06.486486,194.89,Enterprise,Product_A,success
357,117,2025-03-06 03:27:34.054054,161.72,Startup,Product_C,success
358,279,2025-03-06 07:47:01.621621,442.16,SMB,Product_C,success
359,127,2025-03-06 12:06:29.189189,240.8,Startup,Product_B,success
360,129,2025-03-06 16:25:56.756756,65.63,SMB,Product_B,success
361,58,2025-03-06 20:45:24.324324,416.84,Startup,Product_B,success
362,122,2025-03-07 01:04:51.891891,42.87,Startup,Product_B,success
363,1,2025-03-07 05:24:19.459459,368.84,SMB,Product_B,success
364,239,2025-03-07 09:43:47.027027,391.47,Enterprise,Product_C,success
365,290,2025-03-07 14:03:14.594594,189.25,Startup,Product_C,success
366,96,2025-03-07 18:22:42.162162,415.9,Startup,Product_A,success
367,126,2025-03-07 22:42:09.729729,267.52,Enterprise,Product_C,success
368,118,2025-03-08 03:01:37.297297,242.38,Startup,Product_C,success
369,48,2025-03-08 07:21:04.864864,41.79,Startup,Product_B,success
370,89,2025-03-08 11:40:32.432432,159.21,Startup,Product_C,success
371,237,2025-03-08 16:00:00.000000,466.88,Startup,Product_B,success
372,272,2025-03-08 20:19:27.567567,208.08,Startup,Product_A,success
373,189,2025-03-09 00:38:55.135135,282.42,SMB,Product_A,success
374,192,2025-03-09 04:58:22.702702,275.37,SMB,Product_C,success
375,69,2025-03-09 09:17:50.270270,303.41,SMB,Product_A,success
376,278,2025-03-09 13:37:17.837837,49.44,Startup,Product_C,success
377,247,2025-03-09 17:56:45.405405,193.84,Startup,Product_A,success
378,76,2025-03-09 22:16:12.972972,367.1,SMB,Product_B,success
379,154,2025-03-10 02:35:40.540540,116.27,Startup,Product_B,success
380,144,2025-03-10 06:55:08.108108,117.72,Startup,Product_B,success
381,86,2025-03-10 11:14:35.675675,24.84,SMB,Product_B,success
382,185,2025-03-10 15:34:03.243243,229.99,SMB,Product_C,success
383,285,2025-03-10 19:53:30.810810,443.71,SMB,Product_A,success
384,220,2025-03-11 00:12:58.378378,44.91,Enterprise,Product_C,success
385,69,2025-03-11 04:32:25.945945,111.74,SMB,Product_B,success
386,47,2025-03-11 08:51:53.513513,168.84,Enterprise,Product_C,success
387,94,2025-03-11 13:11:21.081081,371.23,Enterprise,Product_A,success
388,238,2025-03-11 17:30:48.648648,327.51,SMB,Product_C,success
389,204,2025-03-11 21:50:16.216216,219.65,SMB,Product_A,success
390,218,2025-03-12 02:09:43.783783,384.35,Enterprise,Product_C,success
391,39,2025-03-12 06:29:11.351351,312.62,Startup,Product_A,success
392,100,2025-03-12 10:48:38.918918,450.1,SMB,Product_A,success
393,289,2025-03-12 15:08:06.486486,412.65,Startup,Product_B,success
394,254,2025-03-12 19:27:34.054054,141.35,Startup,Product_A,success
395,222,2025-03-12 23:47:01.621621,150.29,Enterprise,Product_B,success
396,23,2025-03-13 04:06:29.189189,80.17,SMB,Product_B,success
397,250,2025-03-13 08:25:56.756756,181.74,Enterprise,Product_B,success
398,10,2025-03-13 12:45:24.324324,499.78,SMB,Product_C,failed
399,246,2025-03-13 17:04:51.891891,214.76,SMB,Product_C,success
400,100,2025-03-13 21:24:19.459459,125.83,SMB,Product_C,success
401,290,2025-03-14 01:43:47.027027,385.99,SMB,Product_C,success
402,180,2025-03-14 06:03:14.594594,280.39,SMB,Product_A,success
403,223,2025-03-14 10:22:42.162162,91.81,Enterprise,Product_A,success
404,250,2025-03-14 14:42:09.729729,202.73,SMB,Product_C,success
405,147,2025-03-14 19:01:37.297297,218.95,SMB,Product_A,success
406,96,2025-03-14 23:21:04.864864,381.84,SMB,Product_A,success
407,257,2025-03-15 03:40:32.432432,29.92,SMB,Product_B,success
408,4,2025-03-15 08:00:00.000000,149.13,Startup,Product_B,success
409,16,2025-03-15 12:19:27.567567,268.45,Enterprise,Product_B,success
410,280,2025-03-15 16:38:55.135135,149.05,SMB,Product_B,success
411,247,2025-03-15 20:58:22.702702,321.65,SMB,Product_A,success
412,258,2025-03-16 01:17:50.270270,251.3,SMB,Product_C,success
413,160,2025-03-16 05:37:17.837837,193.62,Startup,Product_A,success
414,152,2025-03-16 09:56:45.405405,475.62,Startup,Product_A,success
415,178,2025-03-16 14:16:12.972972,323.44,SMB,Product_A,success
416,163,2025-03-16 18:35:40.540540,82.37,Startup,Product_B,success
417,33,2025-03-16 22:55:08.108108,288.84,Startup,Product_B,success
418,179,2025-03-17 03:14:35.675675,394.75,Startup,Product_B,success
419,101,2025-03-17 07:34:03.243243,360.08,Startup,Product_C,success
420,268,2025-03-17 11:53:30.810810,102.6,Startup,Product_A,success
421,65,2025-03-17 16:12:58.378378,486.76,Enterprise,Product_C,success
422,168,2025-03-17 20:32:25.945945,235.43,Enterprise,Product_B,success
423,43,2025-03-18 00:51:53.513513,96.33,SMB,Product_C,success
424,44,2025-03-18 05:11:21.081081,106.49,Enterprise,Product_A,success
425,285,2025-03-18 09:30:48.648648,67.15,SMB,Product_A,success
426,12,2025-03-18 13:50:16.216216,405.69,SMB,Product_B,success
427,95,2025-03-18 18:09:43.783783,78.57,SMB,Product_B,success
428,253,2025-03-18 22:29:11.351351,80.06,Startup,Product_C,success
429,242,2025-03-19 02:48:38.918918,428.23,Startup,Product_B,success
430,35,2025-03-19 07:08:06.486486,185.41,Enterprise,Product_B,success
431,215,2025-03-19 11:27:34.054054,34.81,SMB,Product_A,success
432,90,2025-03-19 15:47:01.621621,44.91,Startup,Product_B,success
433,264,2025-03-19 20:06:29.189189,88.24,Enterprise,Product_B,success
434,93,2025-03-20 00:25:56.756756,122.43,Startup,Product_A,success
435,90,2025-03-20 04:45:24.324324,339.27,SMB,Product_A,success
436,115,2025-03-20 09:04:51.891891,95.52,SMB,Product_C,success
437,105,2025-03-20 13:24:19.459459,77.06,Startup,Product_B,success
438,196,2025-03-20 17:43:47.027027,387.07,SMB,Product_A,success
439,114,2025-03-20 22:03:14.594594,342.11,SMB,Product_C,success
440,75,2025-03-21 02:22:42.162162,228.96,Startup,Product_C,success
441,217,2025-03-21 06:42:09.729729,283.67,Enterprise,Product_B,success
442,277,2025-03-21 11:01:37.297297,169.75,SMB,Product_B,success
443,249,2025-03-21 15:21:04.864864,251.6,Startup,Product_C,success
444,164,2025-03-21 19:40:32.432432,263.2,Enterprise,Product_A,success
445,192,2025-03-22 00:00:00.000000,205.87,Startup,Product_C,success
446,227,2025-03-22 04:19:27.567567,455.15,SMB,Product_B,success
447,177,2025-03-22 08:38:55.135135,27.71,SMB,Product_A,success
448,99,2025-03-22 12:58:22.702702,395.44,SMB,Product_A,success
449,36,2025-03-22 17:17:50.270270,79.7,SMB,Product_C,success
450,96,2025-03-22 21:37:17.837837,402.82,Startup,Product_B,success
451,152,2025-03-23 01:56:45.405405,315.64,Startup,Product_C,success
452,151,2025-03-23 06:16:12.972972,424.77,SMB,Product_C,success
453,190,2025-03-23 10:35:40.540540,66.81,Startup,Product_C,success
454,224,2025-03-23 14:55:08.108108,288.31,SMB,Product_A,success
455,37,2025-03-23 19:14:35.675675,260.52,SMB,Product_A,success
456,268,2025-03-23 23:34:03.243243,358.97,SMB,Product_B,success
457,183,2025-03-24 03:53:30.810810,276.46,SMB,Product_B,success
458,13,2025-03-24 08:12:58.378378,279.55,SMB,Product_C,success
459,279,2025-03-24 12:32:25.945945,226.21,Startup,Product_C,success
460,217,2025-03-24 16:51:53.513513,168.24,SMB,Product_C,success
461,286,2025-03-24 21:11:21.081081,251.49,Enterprise,Product_B,success
462,273,2025-03-25 01:30:48.648648,76.88,Enterprise,Product_A,success
463,62,2025-03-25 05:50:16.216216,481.53,SMB,Product_A,success
464,84,2025-03-25 10:09:43.783783,362.92,Startup,Product_C,success
465,217,2025-03-25 14:29:11.351351,477.18,SMB,Product_C,success
466,187,2025-03-25 18:48:38.918918,128.83,SMB,Product_C,success
467,19,2025-03-25 23:08:06.486486,442.08,SMB,Product_C,success
468,177,2025-03-26 03:27:34.054054,408.22,SMB,Product_B,success
469,100,2025-03-26 07:47:01.621621,345.03,SMB,Product_A,success
470,233,2025-03-26 12:06:29.189189,320.01,SMB,Product_C,success
471,76,2025-03-26 16:25:56.756756,171.94,Startup,Product_B,success
472,265,2025-03-26 20:45:24.324324,411.88,Startup,Product_C,success
473,284,2025-03-27 01:04:51.891891,260.73,SMB,Product_C,success
474,206,2025-03-27 05:24:19.459459,54.03,Enterprise,Product_A,success
475,223,2025-03-27 09:43:47.027027,170.17,Enterprise,Product_C,success
476,52,2025-03-27 14:03:14.594594,468.94,Enterprise,Product_A,success
477,144,2025-03-27 18:22:42.162162,428.33,SMB,Product_A,success
478,69,2025-03-27 22:42:09.729729,491.31,SMB,Product_A,success
479,99,2025-03-28 03:01:37.297297,321.44,SMB,Product_B,success
480,25,2025-03-28 07:21:04.864864,138.8,SMB,Product_B,success
481,53,2025-03-28 11:40:32.432432,98.15,Enterprise,Product_A,success
482,151,2025-03-28 16:00:00.000000,109.72,SMB,Product_C,success
483,144,2025-03-28 20:19:27.567567,29.5,SMB,Product_A,success
484,57,2025-03-29 00:38:55.135135,207.53,SMB,Product_C,success
485,39,2025-03-29 04:58:22.702702,111.89,SMB,Product_A,success
486,109,2025-03-29 09:17:50.270270,217.59,Startup,Product_C,success
487,181,2025-03-29 13:37:17.837837,468.8,Enterprise,Product_B,failed
488,42,2025-03-29 17:56:45.405405,226.66,Startup,Product_C,success
489,186,2025-03-29 22:16:12.972972,441.43,SMB,Product_A,success
490,223,2025-03-30 02:35:40.540540,310.64,Startup,Product_B,success
491,122,2025-03-30 06:55:08.108108,138.62,SMB,Product_C,success
492,133,2025-03-30 11:14:35.675675,190.81,Startup,Product_C,success
493,163,2025-03-30 15:34:03.243243,60.28,Startup,Product_C,success
494,215,2025-03-30 19:53:30.810810,180.06,SMB,Product_C,success
495,221,2025-03-31 00:12:58.378378,345.22,SMB,Product_C,success
496,235,2025-03-31 04:32:25.945945,54.61,SMB,Product_B,success
497,146,2025-03-31 08:51:53.513513,118.59,SMB,Product_B,success
498,239,2025-03-31 13:11:21.081081,203.09,Enterprise,Product_B,success
499,76,2025-03-31 17:30:48.648648,491.38,SMB,Product_B,success
500,9,2025-03-31 21:50:16.216216,396.73,SMB,Product_A,success
501,74,2025-04-01 02:09:43.783783,372.07,SMB,Product_B,success
502,253,2025-04-01 06:29:11.351351,75.77,Startup,Product_C,success
503,230,2025-04-01 10:48:38.918918,394.88,SMB,Product_C,success
504,7,2025-04-01 15:08:06.486486,396.93,Startup,Product_B,failed
505,174,2025-04-01 19:27:34.054054,308.53,SMB,Product_C,success
506,141,2025-04-01 23:47:01.621621,495.37,SMB,Product_B,success
507,168,2025-04-02 04:06:29.189189,176.12,SMB,Product_C,success
508,170,2025-04-02 08:25:56.756756,471.81,SMB,Product_A,success
509,283,2025-04-02 12:45:24.324324,459.07,Startup,Product_A,success
510,122,2025-04-02 17:04:51.891891,25.51,SMB,Product_B,success
511,194,2025-04-02 21:24:19.459459,236.06,Startup,Product_B,success
512,5,2025-04-03 01:43:47.027027,489.01,SMB,Product_B,success
513,29,2025-04-03 06:03:14.594594,69.5,SMB,Product_C,success
514,165,2025-04-03 10:22:42.162162,282.94,SMB,Product_B,failed
515,136,2025-04-03 14:42:09.729729,489.9,SMB,Product_A,success
516,145,2025-04-03 19:01:37.297297,286.64,SMB,Product_C,success
517,217,2025-04-03 23:21:04.864864,111.11,SMB,Product_B,success
518,132,2025-04-04 03:40:32.432432,299.45,Enterprise,Product_C,success
519,292,2025-04-04 08:00:00.000000,118.13,SMB,Product_C,success
520,70,2025-04-04 12:19:27.567567,269.46,Enterprise,Product_B,success
521,252,2025-04-04 16:38:55.135135,55.54,SMB,Product_C,success
522,275,2025-04-04 20:58:22.702702,310.63,SMB,Product_A,success
523,182,2025-04-05 01:17:50.270270,268.06,SMB,Product_A,success
524,167,2025-04-05 05:37:17.837837,375.28,SMB,Product_C,success
525,91,2025-04-05 09:56:45.405405,322.74,Enterprise,Product_B,success
526,202,2025-04-05 14:16:12.972972,283.81,SMB,Product_C,success
527,19,2025-04-05 18:35:40.540540,351.09,SMB,Product_A,success
528,39,2025-04-05 22:55:08.108108,89.09,SMB,Product_C,success
529,126,2025-04-06 03:14:35.675675,305.77,Startup,Product_C,success
530,173,2025-04-06 07:34:03.243243,102.61,Enterprise,Product_A,success
531,141,2025-04-06 11:53:30.810810,464.25,SMB,Product_C,success
532,242,2025-04-06 16:12:58.378378,52.8,SMB,Product_C,success
533,220,2025-04-06 20:32:25.945945,226.58,SMB,Product_B,success
534,126,2025-04-07 00:51:53.513513,353.98,SMB,Product_B,success
535,58,2025-04-07 05:11:21.081081,239.85,SMB,Product_A,success
536,148,2025-04-07 09:30:48.648648,64.21,Startup,Product_A,success
537,1,2025-04-07 13:50:16.216216,285.62,SMB,Product_A,success
538,190,2025-04-07 18:09:43.783783,327.98,SMB,Product_B,success
539,191,2025-04-07 22:29:11.351351,357.82,SMB,Product_A,success
540,117,2025-04-08 02:48:38.918918,199.16,SMB,Product_A,success
541,134,2025-04-08 07:08:06.486486,290.56,Enterprise,Product_A,failed
542,58,2025-04-08 11:27:34.054054,236.33,SMB,Product_B,success
543,44,2025-04-08 15:47:01.621621,342.59,SMB,Product_C,success
544,173,2025-04-08 20:06:29.189189,300.11,Startup,Product_A,success
545,160,2025-04-09 00:25:56.756756,272.36,SMB,Product_C,success
546,173,2025-04-09 04:45:24.324324,139.77,SMB,Product_A,success
547,149,2025-04-09 09:04:51.891891,20.97,SMB,Product_C,success
548,80,2025-04-09 13:24:19.459459,103.56,SMB,Product_B,success
549,213,2025-04-09 17:43:47.027027,76.19,SMB,Product_B,success
550,203,2025-04-09 22:03:14.594594,235.56,SMB,Product_A,success
551,252,2025-04-10 02:22:42.162162,313.88,Startup,Product_C,success
552,229,2025-04-10 06:42:09.729729,122.28,Startup,Product_B,success
553,164,2025-04-10 11:01:37.297297,470.75,SMB,Product_A,success
554,227,2025-04-10 15:21:04.864864,23.21,Startup,Product_A,success
555,147,2025-04-10 19:40:32.432432,390.7,SMB,Product_B,success
556,20,2025-04-11 00:00:00.000000,320.1,SMB,Product_B,success
557,47,2025-04-11 04:19:27.567567,199.31,Enterprise,Product_A,success
558,233,2025-04-11 08:38:55.135135,44.23,Startup,Product_C,success
559,14,2025-04-11 12:58:22.702702,321.19,Enterprise,Product_C,success
560,143,2025-04-11 17:17:50.270270,205.09,SMB,Product_C,success
561,1,2025-04-11 21:37:17.837837,469.41,Enterprise,Product_A,success
562,54,2025-04-12 01:56:45.405405,280.16,SMB,Product_B,success
563,259,2025-04-12 06:16:12.972972,471.03,SMB,Product_A,failed
564,144,2025-04-12 10:35:40.540540,125.83,Enterprise,Product_B,success
565,12,2025-04-12 14:55:08.108108,368.35,Enterprise,Product_C,success
566,224,2025-04-12 19:14:35.675675,316.28,Enterprise,Product_C,success
567,272,2025-04-12 23:34:03.243243,374.92,SMB,Product_B,success
568,156,2025-04-13 03:53:30.810810,123.04,SMB,Product_B,success
569,8,2025-04-13 08:12:58.378378,339.2,SMB,Product_A,success
570,122,2025-04-13 12:32:25.945945,259.06,SMB,Product_C,success
571,164,2025-04-13 16:51:53.513513,376.56,SMB,Product_A,success
572,90,2025-04-13 21:11:21.081081,176.98,Enterprise,Product_A,success
573,136,2025-04-14 01:30:48.648648,447.23,SMB,Product_A,success
574,186,2025-04-14 05:50:16.216216,60.46,Startup,Product_C,success
575,178,2025-04-14 10:09:43.783783,407.45,SMB,Product_A,success
576,28,2025-04-14 14:29:11.351351,433.43,SMB,Product_A,success
577,220,2025-04-14 18:48:38.918918,412.28,SMB,Product_A,success
578,41,2025-04-14 23:08:06.486486,266.11,SMB,Product_A,success
579,228,2025-04-15 03:27:34.054054,230.42,SMB,Product_A,success
580,192,2025-04-15 07:47:01.621621,498.21,Enterprise,Product_A,success
581,145,2025-04-15 12:06:29.189189,130.0,Enterprise,Product_C,success
582,201,2025-04-15 16:25:56.756756,282.5,Enterprise,Product_A,success
583,212,2025-04-15 20:45:24.324324,341.92,Startup,Product_B,success
584,220,2025-04-16 01:04:51.891891,356.42,Startup,Product_A,success
585,240,2025-04-16 05:24:19.459459,117.93,Enterprise,Product_A,success
586,46,2025-04-16 09:43:47.027027,333.92,Enterprise,Product_C,success
587,35,2025-04-16 14:03:14.594594,412.82,Startup,Product_C,success
588,253,2025-04-16 18:22:42.162162,44.01,Enterprise,Product_B,success
589,82,2025-04-16 22:42:09.729729,457.53,SMB,Product_B,success
590,256,2025-04-17 03:01:37.297297,34.16,Startup,Product_C,success
591,197,2025-04-17 07:21:04.864864,190.87,SMB,Product_C,success
592,10,2025-04-17 11:40:32.432432,27.59,SMB,Product_A,failed
593,286,2025-04-17 16:00:00.000000,57.03,Startup,Product_C,success
594,242,2025-04-17 20:19:27.567567,457.36,SMB,Product_B,success
595,251,2025-04-18 00:38:55.135135,190.33,Enterprise,Product_A,failed
596,5,2025-04-18 04:58:22.702702,223.89,SMB,Product_B,success
597,119,2025-04-18 09:17:50.270270,123.37,Startup,Product_A,success
598,289,2025-04-18 13:37:17.837837,306.61,Startup,Product_C,success
599,65,2025-04-18 17:56:45.405405,305.51,Startup,Product_B,success
600,146,2025-04-18 22:16:12.972972,198.66,Enterprise,Product_A,success
601,224,2025-04-19 02:35:40.540540,179.86,Startup,Product_A,success
602,239,2025-04-19 06:55:08.108108,444.78,Startup,Product_C,success
603,177,2025-04-19 11:14:35.675675,203.98,SMB,Product_C,success
604,267,2025-04-19 15:34:03.243243,256.88,Startup,Product_C,success
605,282,2025-04-19 19:53:30.810810,155.99,Startup,Product_B,success
606,63,2025-04-20 00:12:58.378378,397.65,SMB,Product_A,success
607,217,2025-04-20 04:32:25.945945,210.78,SMB,Product_C,success
608,283,2025-04-20 08:51:53.513513,266.53,SMB,Product_B,success
609,177,2025-04-20 13:11:21.081081,141.61,Enterprise,Product_B,success
610,98,2025-04-20 17:30:48.648648,494.08,SMB,Product_B,success
611,105,2025-04-20 21:50:16.216216,159.92,SMB,Product_C,success
612,99,2025-04-21 02:09:43.783783,389.96,Startup,Product_C,success
613,6,2025-04-21 06:29:11.351351,225.2,Startup,Product_A,success
614,197,2025-04-21 10:48:38.918918,118.98,Startup,Product_A,success
615,133,2025-04-21 15:08:06.486486,403.87,Enterprise,Product_C,success
616,259,2025-04-21 19:27:34.054054,180.13,SMB,Product_B,success
617,23,2025-04-21 23:47:01.621621,435.29,Enterprise,Product_B,success
618,53,2025-04-22 04:06:29.189189,459.32,SMB,Product_B,success
619,165,2025-04-22 08:25:56.756756,432.72,Startup,Product_A,success
620,202,2025-04-22 12:45:24.324324,36.8,Startup,Product_B,success
621,83,2025-04-22 17:04:51.891891,397.94,SMB,Product_A,success
622,145,2025-04-22 21:24:19.459459,217.44,Startup,Product_A,success
623,85,2025-04-23 01:43:47.027027,439.39,Startup,Product_B,success
624,78,2025-04-23 06:03:14.594594,326.22,SMB,Product_B,success
625,1,2025-04-23 10:22:42.162162,420.15,Startup,Product_C,success
626,51,2025-04-23 14:42:09.729729,259.73,SMB,Product_C,success
627,173,2025-04-23 19:01:37.297297,276.81,SMB,Product_B,success
628,205,2025-04-23 23:21:04.864864,89.31,SMB,Product_A,success
629,260,2025-04-24 03:40:32.432432,396.31,SMB,Product_A,success
630,288,2025-04-24 08:00:00.000000,221.31,SMB,Product_A,success
631,34,2025-04-24 12:19:27.567567,260.04,SMB,Product_A,success
632,95,2025-04-24 16:38:55.135135,396.85,SMB,Product_A,success
633,72,2025-04-24 20:58:22.702702,307.45,SMB,Product_C,success
634,39,2025-04-25 01:17:50.270270,116.53,SMB,Product_B,success
635,154,2025-04-25 05:37:17.837837,303.31,SMB,Product_C,success
636,250,2025-04-25 09:56:45.405405,215.66,SMB,Product_A,success
637,162,2025-04-25 14:16:12.972972,245.37,SMB,Product_A,failed
638,118,2025-04-25 18:35:40.540540,33.59,Enterprise,Product_A,success
639,259,2025-04-25 22:55:08.108108,120.81,SMB,Product_A,success
640,268,2025-04-26 03:14:35.675675,154.9,Enterprise,Product_B,success
641,54,2025-04-26 07:34:03.243243,362.22,SMB,Product_A,success
642,236,2025-04-26 11:53:30.810810,25.52,Startup,Product_B,success
643,222,2025-04-26 16:12:58.378378,216.21,SMB,Product_A,success
644,251,2025-04-26 20:32:25.945945,463.53,SMB,Product_B,failed
645,112,2025-04-27 00:51:53.513513,73.7,Startup,Product_C,success
646,255,2025-04-27 05:11:21.081081,267.88,Startup,Product_A,success
647,207,2025-04-27 09:30:48.648648,397.53,Startup,Product_B,success
648,229,2025-04-27 13:50:16.216216,472.42,Startup,Product_C,success
649,66,2025-04-27 18:09:43.783783,378.45,Enterprise,Product_A,success
650,75,2025-04-27 22:29:11.351351,365.87,Enterprise,Product_A,success
651,103,2025-04-28 02:48:38.918918,416.71,SMB,Product_A,success
652,192,2025-04-28 07:08:06.486486,234.18,SMB,Product_B,success
653,252,2025-04-28 11:27:34.054054,406.81,SMB,Product_B,success
654,226,2025-04-28 15:47:01.621621,23.82,SMB,Product_C,success
655,294,2025-04-28 20:06:29.189189,463.79,SMB,Product_B,success
656,98,2025-04-29 00:25:56.756756,232.79,Startup,Product_B,success
657,286,2025-04-29 04:45:24.324324,285.62,Startup,Product_A,success
658,249,2025-04-29 09:04:51.891891,142.34,SMB,Product_A,success
659,166,2025-04-29 13:24:19.459459,376.41,Startup,Product_A,success
660,30,2025-04-29 17:43:47.027027,56.79,SMB,Product_A,success
661,247,2025-04-29 22:03:14.594594,438.87,Startup,Product_A,success
662,106,2025-04-30 02:22:42.162162,417.5,Enterprise,Product_A,success
663,51,2025-04-30 06:42:09.729729,123.71,Startup,Product_A,success
664,81,2025-04-30 11:01:37.297297,408.48,SMB,Product_C,success
665,133,2025-04-30 15:21:04.864864,397.45,SMB,Product_C,failed
666,285,2025-04-30 19:40:32.432432,323.46,Enterprise,Product_C,success
667,138,2025-05-01 00:00:00.000000,199.29,SMB,Product_C,success
668,184,2025-05-01 04:19:27.567567,150.32,Enterprise,Product_A,success
669,273,2025-05-01 08:38:55.135135,131.26,Enterprise,Product_C,success
670,69,2025-05-01 12:58:22.702702,172.93,SMB,Product_A,success
671,34,2025-05-01 17:17:50.270270,453.71,SMB,Product_C,success
672,262,2025-05-01 21:37:17.837837,57.27,SMB,Product_B,success
673,53,2025-05-02 01:56:45.405405,417.86,Startup,Product_C,success
674,205,2025-05-02 06:16:12.972972,187.47,SMB,Product_C,success
675,126,2025-05-02 10:35:40.540540,270.37,SMB,Product_A,success
676,235,2025-05-02 14:55:08.108108,401.35,Enterprise,Product_C,success
677,43,2025-05-02 19:14:35.675675,444.5,Startup,Product_B,success
678,240,2025-05-02 23:34:03.243243,185.5,SMB,Product_A,success
679,111,2025-05-03 03:53:30.810810,241.68,Startup,Product_A,success
680,249,2025-05-03 08:12:58.378378,218.97,Startup,Product_C,success
681,151,2025-05-03 12:32:25.945945,26.36,SMB,Product_A,success
682,183,2025-05-03 16:51:53.513513,162.05,Enterprise,Product_A,success
683,95,2025-05-03 21:11:21.081081,240.41,Startup,Product_A,failed
684,8,2025-05-04 01:30:48.648648,217.32,Startup,Product_A,success
685,184,2025-05-04 05:50:16.216216,366.53,Enterprise,Product_A,success
686,281,2025-05-04 10:09:43.783783,204.71,SMB,Product_A,success
687,195,2025-05-04 14:29:11.351351,254.9,Startup,Product_B,success
688,195,2025-05-04 18:48:38.918918,226.21,Enterprise,Product_C,success
689,155,2025-05-04 23:08:06.486486,375.5,Startup,Product_B,success
690,93,2025-05-05 03:27:34.054054,434.23,SMB,Product_A,success
691,160,2025-05-05 07:47:01.621621,275.31,Enterprise,Product_A,success
692,61,2025-05-05 12:06:29.189189,398.93,Startup,Product_C,success
693,122,2025-05-05 16:25:56.756756,162.46,SMB,Product_B,success
694,51,2025-05-05 20:45:24.324324,279.86,SMB,Product_C,success
695,277,2025-05-06 01:04:51.891891,185.71,Enterprise,Product_B,failed
696,5,2025-05-06 05:24:19.459459,218.82,Enterprise,Product_A,success
697,92,2025-05-06 09:43:47.027027,371.56,SMB,Product_C,success
698,170,2025-05-06 14:03:14.594594,443.2,SMB,Product_C,success
699,22,2025-05-06 18:22:42.162162,78.32,SMB,Product_A,success
700,1,2025-05-06 22:42:09.729729,324.63,Startup,Product_C,success
701,133,2025-05-07 03:01:37.297297,299.43,SMB,Product_B,failed
702,233,2025-05-07 07:21:04.864864,76.84,Enterprise,Product_B,success
703,12,2025-05-07 11:40:32.432432,121.71,SMB,Product_B,success
704,46,2025-05-07 16:00:00.000000,169.28,Startup,Product_B,success
705,34,2025-05-07 20:19:27.567567,100.13,Startup,Product_A,success
706,78,2025-05-08 00:38:55.135135,136.99,SMB,Product_C,success
707,218,2025-05-08 04:58:22.702702,148.45,SMB,Product_B,success
708,73,2025-05-08 09:17:50.270270,181.12,SMB,Product_A,success
709,282,2025-05-08 13:37:17.837837,379.71,Startup,Product_C,failed
710,249,2025-05-08 17:56:45.405405,294.52,Startup,Product_C,success
711,47,2025-05-08 22:16:12.972972,493.4,SMB,Product_A,success
712,121,2025-05-09 02:35:40.540540,219.07,Startup,Product_A,failed
713,214,2025-05-09 06:55:08.108108,381.86,Startup,Product_B,success
714,239,2025-05-09 11:14:35.675675,438.3,Enterprise,Product_C,success
715,56,2025-05-09 15:34:03.243243,345.91,SMB,Product_C,success
716,107,2025-05-09 19:53:30.810810,217.7,Enterprise,Product_A,success
717,48,2025-05-10 00:12:58.378378,381.73,SMB,Product_C,success
718,61,2025-05-10 04:32:25.945945,117.76,Startup,Product_B,success
719,26,2025-05-10 08:51:53.513513,177.23,SMB,Product_C,success
720,292,2025-05-10 13:11:21.081081,282.41,SMB,Product_A,success
721,257,2025-05-10 17:30:48.648648,296.2,Enterprise,Product_A,success
722,8,2025-05-10 21:50:16.216216,30.63,SMB,Product_B,success
723,113,2025-05-11 02:09:43.783783,473.65,SMB,Product_B,success
724,253,2025-05-11 06:29:11.351351,354.38,SMB,Product_C,success
725,180,2025-05-11 10:48:38.918918,257.94,SMB,Product_C,success
726,207,2025-05-11 15:08:06.486486,467.9,SMB,Product_A,success
727,127,2025-05-11 19:27:34.054054,230.77,SMB,Product_B,success
728,56,2025-05-11 23:47:01.621621,490.61,Enterprise,Product_B,success
729,214,2025-05-12 04:06:29.189189,265.9,Enterprise,Product_B,success
730,14,2025-05-12 08:25:56.756756,74.86,SMB,Product_C,success
731,28,2025-05-12 12:45:24.324324,387.1,SMB,Product_B,success
732,78,2025-05-12 17:04:51.891891,345.87,SMB,Product_A,success
733,216,2025-05-12 21:24:19.459459,391.03,SMB,Product_A,success
734,154,2025-05-13 01:43:47.027027,476.69,SMB,Product_C,failed
735,14,2025-05-13 06:03:14.594594,392.71,Startup,Product_C,success
736,187,2025-05-13 10:22:42.162162,313.44,Enterprise,Product_B,success
737,7,2025-05-13 14:42:09.729729,431.51,SMB,Product_C,success
738,3,2025-05-13 19:01:37.297297,343.16,Startup,Product_A,success
739,111,2025-05-13 23:21:04.864864,215.9,SMB,Product_B,success
740,238,2025-05-14 03:40:32.432432,445.1,SMB,Product_A,success
741,239,2025-05-14 08:00:00.000000,126.51,Startup,Product_B,success
742,274,2025-05-14 12:19:27.567567,363.03,Startup,Product_C,success
743,294,2025-05-14 16:38:55.135135,443.15,SMB,Product_B,success
744,227,2025-05-14 20:58:22.702702,371.03,SMB,Product_B,success
745,15,2025-05-15 01:17:50.270270,354.69,SMB,Product_A,success
746,192,2025-05-15 05:37:17.837837,381.27,SMB,Product_A,success
747,119,2025-05-15 09:56:45.405405,243.23,SMB,Product_B,success
748,28,2025-05-15 14:16:12.972972,439.6,SMB,Product_C,success
749,202,2025-05-15 18:35:40.540540,117.65,SMB,Product_C,success
750,39,2025-05-15 22:55:08.108108,81.15,SMB,Product_A,success
751,273,2025-05-16 03:14:35.675675,157.04,Startup,Product_C,success
752,231,2025-05-16 07:34:03.243243,275.16,SMB,Product_A,success
753,86,2025-05-16 11:53:30.810810,265.07,Enterprise,Product_C,success
754,126,2025-05-16 16:12:58.378378,413.89,SMB,Product_B,success
755,300,2025-05-16 20:32:25.945945,214.19,SMB,Product_A,success
756,25,2025-05-17 00:51:53.513513,252.49,SMB,Product_A,success
757,145,2025-05-17 05:11:21.081081,26.42,SMB,Product_B,success
758,13,2025-05-17 09:30:48.648648,216.67,SMB,Product_A,success
759,212,2025-05-17 13:50:16.216216,330.93,SMB,Product_C,success
760,25,2025-05-17 18:09:43.783783,27.44,Enterprise,Product_C,success
761,68,2025-05-17 22:29:11.351351,154.82,Enterprise,Product_A,success
762,67,2025-05-18 02:48:38.918918,119.82,SMB,Product_C,success
763,233,2025-05-18 07:08:06.486486,40.15,SMB,Product_A,success
764,109,2025-05-18 11:27:34.054054,250.04,Startup,Product_B,success
765,146,2025-05-18 15:47:01.621621,107.23,SMB,Product_A,success
766,111,2025-05-18 20:06:29.189189,376.68,SMB,Product_B,success
767,228,2025-05-19 00:25:56.756756,427.01,SMB,Product_C,success
768,111,2025-05-19 04:45:24.324324,281.88,Enterprise,Product_B,success
769,34,2025-05-19 09:04:51.891891,491.22,Startup,Product_C,success
770,111,2025-05-19 13:24:19.459459,236.23,SMB,Product_A,success
771,264,2025-05-19 17:43:47.027027,266.42,Startup,Product_C,success
772,236,2025-05-19 22:03:14.594594,494.82,Enterprise,Product_A,success
773,83,2025-05-20 02:22:42.162162,131.14,SMB,Product_A,success
774,42,2025-05-20 06:42:09.729729,472.42,SMB,Product_B,success
775,101,2025-05-20 11:01:37.297297,40.56,Startup,Product_B,success
776,6,2025-05-20 15:21:04.864864,234.27,Enterprise,Product_B,success
777,180,2025-05-20 19:40:32.432432,53.6,SMB,Product_B,success
778,282,2025-05-21 00:00:00.000000,370.03,Startup,Product_C,success
779,226,2025-05-21 04:19:27.567567,312.04,SMB,Product_C,success
780,229,2025-05-21 08:38:55.135135,359.18,SMB,Product_C,success
781,289,2025-05-21 12:58:22.702702,199.75,Enterprise,Product_A,success
782,150,2025-05-21 17:17:50.270270,197.35,Startup,Product_C,success
783,277,2025-05-21 21:37:17.837837,41.75,Enterprise,Product_C,success
784,198,2025-05-22 01:56:45.405405,187.97,Startup,Product_C,success
785,70,2025-05-22 06:16:12.972972,466.06,Startup,Product_B,success
786,112,2025-05-22 10:35:40.540540,202.03,SMB,Product_C,failed
787,4,2025-05-22 14:55:08.108108,419.06,SMB,Product_A,success
788,95,2025-05-22 19:14:35.675675,424.32,Enterprise,Product_B,success
789,152,2025-05-22 23:34:03.243243,199.16,SMB,Product_A,success
790,137,2025-05-23 03:53:30.810810,323.35,Startup,Product_C,success
791,247,2025-05-23 08:12:58.378378,65.78,Startup,Product_B,success
792,243,2025-05-23 12:32:25.945945,69.77,SMB,Product_A,success
793,31,2025-05-23 16:51:53.513513,43.36,SMB,Product_C,failed
794,40,2025-05-23 21:11:21.081081,298.89,Enterprise,Product_A,success
795,229,2025-05-24 01:30:48.648648,224.51,Enterprise,Product_A,success
796,36,2025-05-24 05:50:16.216216,283.06,Enterprise,Product_A,success
797,223,2025-05-24 10:09:43.783783,270.12,SMB,Product_C,success
798,6,2025-05-24 14:29:11.351351,188.1,SMB,Product_C,success
799,220,2025-05-24 18:48:38.918918,345.19,SMB,Product_A,success
800,75,2025-05-24 23:08:06.486486,384.08,SMB,Product_B,success
801,4,2025-05-25 03:27:34.054054,27.02,SMB,Product_B,success
802,134,2025-05-25 07:47:01.621621,119.48,SMB,Product_C,success
803,118,2025-05-25 12:06:29.189189,362.35,Startup,Product_C,success
804,94,2025-05-25 16:25:56.756756,205.58,SMB,Product_C,success
805,62,2025-05-25 20:45:24.324324,337.99,Startup,Product_C,success
806,194,2025-05-26 01:04:51.891891,186.54,Startup,Product_C,success
807,203,2025-05-26 05:24:19.459459,207.56,Enterprise,Product_B,success
808,26,2025-05-26 09:43:47.027027,96.17,Startup,Product_C,success
809,173,2025-05-26 14:03:14.594594,143.95,SMB,Product_A,success
810,300,2025-05-26 18:22:42.162162,310.6,SMB,Product_A,success
811,133,2025-05-26 22:42:09.729729,227.92,SMB,Product_B,success
812,118,2025-05-27 03:01:37.297297,391.67,SMB,Product_A,success
813,275,2025-05-27 07:21:04.864864,429.24,SMB,Product_B,success
814,212,2025-05-27 11:40:32.432432,279.99,SMB,Product_B,success
815,225,2025-05-27 16:00:00.000000,383.97,SMB,Product_A,success
816,20,2025-05-27 20:19:27.567567,167.31,SMB,Product_C,success
817,113,2025-05-28 00:38:55.135135,219.19,SMB,Product_A,success
818,140,2025-05-28 04:58:22.702702,362.13,Startup,Product_A,success
819,47,2025-05-28 09:17:50.270270,205.38,Enterprise,Product_B,success
820,1,2025-05-28 13:37:17.837837,302.48,SMB,Product_A,success
821,90,2025-05-28 17:56:45.405405,108.98,Startup,Product_B,success
822,142,2025-05-28 22:16:12.972972,307.89,SMB,Product_C,success
823,38,2025-05-29 02:35:40.540540,433.53,Enterprise,Product_C,success
824,293,2025-05-29 06:55:08.108108,436.95,Enterprise,Product_C,success
825,139,2025-05-29 11:14:35.675675,367.69,SMB,Product_A,success
826,259,2025-05-29 15:34:03.243243,377.96,Startup,Product_B,success
827,161,2025-05-29 19:53:30.810810,287.81,SMB,Product_C,success
828,178,2025-05-30 00:12:58.378378,300.64,Startup,Product_B,success
829,10,2025-05-30 04:32:25.945945,84.15,SMB,Product_B,success
830,261,2025-05-30 08:51:53.513513,233.05,SMB,Product_C,success
831,138,2025-05-30 13:11:21.081081,236.37,SMB,Product_C,success
832,172,2025-05-30 17:30:48.648648,480.08,SMB,Product_B,success
833,13,2025-05-30 21:50:16.216216,226.92,Enterprise,Product_C,success
834,168,2025-05-31 02:09:43.783783,283.68,Startup,Product_B,success
835,130,2025-05-31 06:29:11.351351,275.96,Startup,Product_B,success
836,84,2025-05-31 10:48:38.918918,325.65,SMB,Product_C,success
837,101,2025-05-31 15:08:06.486486,379.15,Startup,Product_A,success
838,273,2025-05-31 19:27:34.054054,128.02,Startup,Product_C,success
839,265,2025-05-31 23:47:01.621621,273.79,SMB,Product_A,success
840,38,2025-06-01 04:06:29.189189,416.44,Enterprise,Product_B,success
841,94,2025-06-01 08:25:56.756756,242.3,SMB,Product_B,success
842,95,2025-06-01 12:45:24.324324,153.66,SMB,Product_A,success
843,69,2025-06-01 17:04:51.891891,334.26,SMB,Product_B,success
844,236,2025-06-01 21:24:19.459459,415.41,Enterprise,Product_A,success
845,137,2025-06-02 01:43:47.027027,50.31,Startup,Product_A,success
846,76,2025-06-02 06:03:14.594594,392.86,Enterprise,Product_B,success
847,35,2025-06-02 10:22:42.162162,414.39,SMB,Product_A,success
848,1,2025-06-02 14:42:09.729729,241.53,Startup,Product_C,success
849,296,2025-06-02 19:01:37.297297,491.99,Startup,Product_C,success
850,60,2025-06-02 23:21:04.864864,397.62,SMB,Product_B,success
851,267,2025-06-03 03:40:32.432432,391.36,Startup,Product_B,success
852,229,2025-06-03 08:00:00.000000,378.96,Enterprise,Product_A,success
853,270,2025-06-03 12:19:27.567567,92.29,Enterprise,Product_A,success
854,286,2025-06-03 16:38:55.135135,124.27,SMB,Product_A,success
855,291,2025-06-03 20:58:22.702702,242.72,SMB,Product_A,success
856,213,2025-06-04 01:17:50.270270,146.72,SMB,Product_C,failed
857,165,2025-06-04 05:37:17.837837,219.32,SMB,Product_C,success
858,5,2025-06-04 09:56:45.405405,446.46,Enterprise,Product_B,success
859,78,2025-06-04 14:16:12.972972,415.68,SMB,Product_A,success
860,62,2025-06-04 18:35:40.540540,322.42,SMB,Product_A,success
861,132,2025-06-04 22:55:08.108108,431.9,Startup,Product_B,success
862,89,2025-06-05 03:14:35.675675,396.21,SMB,Product_A,success
863,237,2025-06-05 07:34:03.243243,225.91,SMB,Product_A,success
864,42,2025-06-05 11:53:30.810810,116.51,SMB,Product_A,success
865,89,2025-06-05 16:12:58.378378,266.82,Enterprise,Product_A,success
866,296,2025-06-05 20:32:25.945945,373.39,Enterprise,Product_A,success
867,295,2025-06-06 00:51:53.513513,229.48,Startup,Product_B,success
868,104,2025-06-06 05:11:21.081081,340.05,SMB,Product_A,success
869,14,2025-06-06 09:30:48.648648,65.28,Enterprise,Product_B,success
870,288,2025-06-06 13:50:16.216216,379.04,SMB,Product_A,success
871,179,2025-06-06 18:09:43.783783,410.1,SMB,Product_C,failed
872,125,2025-06-06 22:29:11.351351,359.28,SMB,Product_C,success
873,23,2025-06-07 02:48:38.918918,484.29,SMB,Product_C,success
874,63,2025-06-07 07:08:06.486486,416.79,SMB,Product_C,success
875,143,2025-06-07 11:27:34.054054,453.48,SMB,Product_B,success
876,153,2025-06-07 15:47:01.621621,468.11,Enterprise,Product_B,success
877,145,2025-06-07 20:06:29.189189,404.65,SMB,Product_A,success
878,225,2025-06-08 00:25:56.756756,343.64,Startup,Product_C,success
879,104,2025-06-08 04:45:24.324324,22.74,Startup,Product_B,success
880,104,2025-06-08 09:04:51.891891,243.6,Startup,Product_A,success
881,39,2025-06-08 13:24:19.459459,294.16,SMB,Product_A,success
882,198,2025-06-08 17:43:47.027027,165.93,SMB,Product_B,success
883,134,2025-06-08 22:03:14.594594,172.69,SMB,Product_C,success
884,67,2025-06-09 02:22:42.162162,481.36,SMB,Product_A,success
885,179,2025-06-09 06:42:09.729729,448.02,SMB,Product_C,success
886,42,2025-06-09 11:01:37.297297,427.61,Enterprise,Product_C,success
887,15,2025-06-09 15:21:04.864864,214.89,SMB,Product_C,success
888,111,2025-06-09 19:40:32.432432,26.58,Startup,Product_A,success
889,157,2025-06-10 00:00:00.000000,58.51,SMB,Product_C,success
890,289,2025-06-10 04:19:27.567567,169.85,Enterprise,Product_A,success
891,231,2025-06-10 08:38:55.135135,27.56,SMB,Product_C,success
892,157,2025-06-10 12:58:22.702702,28.23,Startup,Product_A,failed
893,38,2025-06-10 17:17:50.270270,459.97,SMB,Product_C,success
894,97,2025-06-10 21:37:17.837837,358.96,SMB,Product_B,failed
895,289,2025-06-11 01:56:45.405405,168.3,Enterprise,Product_C,success
896,254,2025-06-11 06:16:12.972972,83.67,SMB,Product_C,failed
897,196,2025-06-11 10:35:40.540540,265.59,SMB,Product_A,success
898,86,2025-06-11 14:55:08.108108,22.57,Startup,Product_A,success
899,10,2025-06-11 19:14:35.675675,470.44,SMB,Product_C,success
900,5,2025-06-11 23:34:03.243243,219.11,Enterprise,Product_B,success
901,123,2025-06-12 03:53:30.810810,213.12,Enterprise,Product_B,success
902,118,2025-06-12 08:12:58.378378,207.48,Enterprise,Product_A,success
903,294,2025-06-12 12:32:25.945945,53.28,SMB,Product_B,success
904,159,2025-06-12 16:51:53.513513,326.39,SMB,Product_C,success
905,228,2025-06-12 21:11:21.081081,371.84,SMB,Product_A,success
906,216,2025-06-13 01:30:48.648648,344.54,SMB,Product_C,success
907,184,2025-06-13 05:50:16.216216,86.45,SMB,Product_A,success
908,15,2025-06-13 10:09:43.783783,297.84,Enterprise,Product_A,success
909,157,2025-06-13 14:29:11.351351,293.35,Enterprise,Product_A,success
910,136,2025-06-13 18:48:38.918918,436.84,Startup,Product_A,success
911,261,2025-06-13 23:08:06.486486,201.98,SMB,Product_B,success
912,157,2025-06-14 03:27:34.054054,198.31,SMB,Product_C,success
913,47,2025-06-14 07:47:01.621621,316.89,Startup,Product_C,failed
914,173,2025-06-14 12:06:29.189189,323.87,SMB,Product_C,success
915,130,2025-06-14 16:25:56.756756,245.26,Startup,Product_A,success
916,95,2025-06-14 20:45:24.324324,232.67,SMB,Product_B,success
917,115,2025-06-15 01:04:51.891891,257.19,Startup,Product_C,success
918,243,2025-06-15 05:24:19.459459,433.3,Enterprise,Product_B,success
919,292,2025-06-15 09:43:47.027027,241.36,Enterprise,Product_A,success
920,282,2025-06-15 14:03:14.594594,471.17,SMB,Product_C,success
921,299,2025-06-15 18:22:42.162162,261.92,Startup,Product_B,success
922,283,2025-06-15 22:42:09.729729,475.62,Startup,Product_A,success
923,69,2025-06-16 03:01:37.297297,419.76,Enterprise,Product_B,success
924,148,2025-06-16 07:21:04.864864,193.97,SMB,Product_C,success
925,11,2025-06-16 11:40:32.432432,434.55,Startup,Product_C,success
926,254,2025-06-16 16:00:00.000000,72.83,SMB,Product_A,success
927,38,2025-06-16 20:19:27.567567,464.02,Startup,Product_A,success
928,134,2025-06-17 00:38:55.135135,323.19,Startup,Product_A,success
929,200,2025-06-17 04:58:22.702702,46.11,SMB,Product_B,success
930,23,2025-06-17 09:17:50.270270,329.24,SMB,Product_B,success
931,218,2025-06-17 13:37:17.837837,487.64,SMB,Product_B,success
932,141,2025-06-17 17:56:45.405405,53.5,SMB,Product_A,success
933,104,2025-06-17 22:16:12.972972,286.25,Startup,Product_C,success
934,210,2025-06-18 02:35:40.540540,378.94,SMB,Product_C,success
935,111,2025-06-18 06:55:08.108108,408.92,Startup,Product_B,success
936,104,2025-06-18 11:14:35.675675,218.64,Enterprise,Product_B,success
937,171,2025-06-18 15:34:03.243243,118.0,Startup,Product_C,success
938,133,2025-06-18 19:53:30.810810,40.32,SMB,Product_C,failed
939,293,2025-06-19 00:12:58.378378,298.27,Enterprise,Product_B,success
940,127,2025-06-19 04:32:25.945945,237.4,Enterprise,Product_B,success
941,106,2025-06-19 08:51:53.513513,475.4,Startup,Product_C,success
942,92,2025-06-19 13:11:21.081081,49.09,SMB,Product_A,success
943,287,2025-06-19 17:30:48.648648,348.99,Startup,Product_B,success
944,51,2025-06-19 21:50:16.216216,31.98,Enterprise,Product_C,success
945,29,2025-06-20 02:09:43.783783,102.29,Enterprise,Product_C,success
946,296,2025-06-20 06:29:11.351351,237.72,SMB,Product_C,success
947,297,2025-06-20 10:48:38.918918,238.34,SMB,Product_C,success
948,214,2025-06-20 15:08:06.486486,349.14,SMB,Product_A,success
949,267,2025-06-20 19:27:34.054054,456.9,Startup,Product_C,success
950,257,2025-06-20 23:47:01.621621,326.74,Startup,Product_B,success
951,101,2025-06-21 04:06:29.189189,477.7,Startup,Product_A,success
952,110,2025-06-21 08:25:56.756756,443.18,Startup,Product_C,success
953,182,2025-06-21 12:45:24.324324,300.56,SMB,Product_A,success
954,1,2025-06-21 17:04:51.891891,420.22,SMB,Product_B,success
955,55,2025-06-21 21:24:19.459459,328.44,SMB,Product_C,success
956,149,2025-06-22 01:43:47.027027,57.71,Startup,Product_B,success
957,137,2025-06-22 06:03:14.594594,375.47,Enterprise,Product_C,success
958,202,2025-06-22 10:22:42.162162,65.56,SMB,Product_C,success
959,117,2025-06-22 14:42:09.729729,305.16,Enterprise,Product_C,success
960,154,2025-06-22 19:01:37.297297,357.27,SMB,Product_C,success
961,291,2025-06-22 23:21:04.864864,51.93,Startup,Product_C,success
962,63,2025-06-23 03:40:32.432432,130.78,Startup,Product_A,success
963,244,2025-06-23 08:00:00.000000,459.52,SMB,Product_C,success
964,25,2025-06-23 12:19:27.567567,315.83,Startup,Product_C,success
965,90,2025-06-23 16:38:55.135135,138.22,SMB,Product_A,success
966,75,2025-06-23 20:58:22.702702,351.53,Enterprise,Product_A,success
967,294,2025-06-24 01:17:50.270270,306.45,SMB,Product_A,success
968,210,2025-06-24 05:37:17.837837,260.76,SMB,Product_A,success
969,17,2025-06-24 09:56:45.405405,488.57,Enterprise,Product_A,success
970,128,2025-06-24 14:16:12.972972,348.06,Startup,Product_A,success
971,251,2025-06-24 18:35:40.540540,200.21,SMB,Product_C,success
972,179,2025-06-24 22:55:08.108108,404.04,Startup,Product_C,success
973,182,2025-06-25 03:14:35.675675,444.6,SMB,Product_B,success
974,152,2025-06-25 07:34:03.243243,80.11,Enterprise,Product_C,success
975,25,2025-06-25 11:53:30.810810,116.27,SMB,Product_C,success
976,180,2025-06-25 16:12:58.378378,123.79,Enterprise,Product_A,success
977,198,2025-06-25 20:32:25.945945,351.78,SMB,Product_A,success
978,161,2025-06-26 00:51:53.513513,309.46,Startup,Product_C,success
979,177,2025-06-26 05:11:21.081081,317.12,SMB,Product_B,success
980,285,2025-06-26 09:30:48.648648,471.57,SMB,Product_A,success
981,63,2025-06-26 13:50:16.216216,392.44,Enterprise,Product_C,success
982,150,2025-06-26 18:09:43.783783,81.41,Enterprise,Product_C,success
983,154,2025-06-26 22:29:11.351351,186.8,Enterprise,Product_B,success
984,156,2025-06-27 02:48:38.918918,228.99,SMB,Product_B,success
985,49,2025-06-27 07:08:06.486486,210.06,Enterprise,Product_A,success
986,84,2025-06-27 11:27:34.054054,341.27,SMB,Product_B,success
987,177,2025-06-27 15:47:01.621621,448.11,SMB,Product_C,success
988,148,2025-06-27 20:06:29.189189,166.9,SMB,Product_C,success
989,118,2025-06-28 00:25:56.756756,284.9,Enterprise,Product_B,success
990,63,2025-06-28 04:45:24.324324,398.92,SMB,Product_B,success
991,189,2025-06-28 09:04:51.891891,219.78,Startup,Product_B,success
992,49,2025-06-28 13:24:19.459459,100.7,SMB,Product_B,success
993,257,2025-06-28 17:43:47.027027,247.98,SMB,Product_A,success
994,224,2025-06-28 22:03:14.594594,46.51,Enterprise,Product_B,success
995,141,2025-06-29 02:22:42.162162,472.34,Startup,Product_A,success
996,215,2025-06-29 06:42:09.729729,55.91,SMB,Product_C,success
997,211,2025-06-29 11:01:37.297297,230.46,SMB,Product_B,success
998,32,2025-06-29 15:21:04.864864,274.34,Startup,Product_A,success
999,158,2025-06-29 19:40:32.432432,492.95,SMB,Product_B,success
1000,285,2025-06-30 00:00:00.000000,99.69,SMB,Product_C,success
